Crop,Price_Mean_Rs_Quintal,Price_Std_Rs_Quintal,Price_Min_Rs_Quintal,Price_Max_Rs_Quintal,Price_Median_Rs_Quintal,Arrivals_Mean_Tonnes,Arrivals_Total_Tonnes,Price_Mean_Rs_Tonne,Volatility_Coeff
Bajra,2953.011513859275,542.4313664178229,1677.9,4225.1,2915.1000000000004,330.2946695095949,309816.4,29530.11513859275,0.18368752166120825
Cotton,8923.034541577825,1769.5541635684428,4964.2,12929.5,8756.150000000001,528.6224946695096,495847.9,89230.34541577825,0.19831304645555475
Gram,6749.588272921109,1301.35103623099,3722.0,9582.2,6635.7,455.8417910447761,427579.6,67495.8827292111,0.19280450652848297
Groundnut,7832.78144989339,1451.3408706999044,4519.6,11171.4,7717.1,417.20095948827293,391334.5,78327.8144989339,0.18529061227919977
Jowar,3745.7576759061835,791.2326397816599,2193.6,5519.9,3662.8,425.78805970149256,399389.2,37457.576759061834,0.21123433714655415
Maize,2347.046268656716,493.2561556454351,1351.0,3511.9,2309.2,840.8933901918977,788758.0,23470.46268656716,0.21016038849874918
Rice,2606.5119402985074,506.9128783430309,1521.9,3721.9,2553.8,1057.924093816631,1488499.2,26065.119402985074,0.1944794000387266
Soyabean,5910.533049040511,1087.5106910150787,3439.2,8272.3,5808.2,579.2803837953091,271682.5,59105.33049040511,0.18399536589878643
Sugarcane,444.9495735607676,96.06381597361408,262.9,674.0,433.20000000000005,7904.5039445629,7414424.7,4449.495735607676,0.21589820887983044
Wheat,2875.005117270789,581.7367208190735,1636.5,4213.9,2822.8,1328.8336176261548,1869668.9,28750.051172707892,0.20234284708728095
