From_Crop,To_Crop,Transition_Cost_per_ha_INR
Rice,Rice,0.0
Rice,Wheat,2699.3
Rice,Maize,1760.9
Rice,Cotton,3888.5
Rice,Sugarcane,24289.1
Rice,Soyabean,3440.3
Rice,Groundnut,2885.7
Rice,Bajra,2871.1
Rice,Jowar,3906.3
Rice,Gram,3823.1
Wheat,Rice,1643.4
Wheat,Wheat,0.0
Wheat,Maize,3969.4
Wheat,Cotton,3177.1
Wheat,Sugarcane,23162.8
Wheat,Soyabean,3439.3
Wheat,Groundnut,3176.9
Wheat,Bajra,2743.5
Wheat,Jowar,2871.8
Wheat,Gram,2075.6
Maize,Rice,3220.6
Maize,Wheat,2029.9
Maize,Maize,0.0
Maize,Cotton,2361.1
Maize,Sugarcane,18673.4
Maize,Soyabean,3339.4
Maize,Groundnut,1735.7
Maize,Bajra,1944.6
Maize,Jowar,2183.4
Maize,Gram,3595.1
Cotton,Rice,2744.0
Cotton,Wheat,3865.7
Cotton,Maize,3653.3
Cotton,Cotton,0.0
Cotton,Sugarcane,22272.4
Cotton,Soyabean,3233.9
Cotton,Groundnut,3461.1
Cotton,Bajra,2513.6
Cotton,Jowar,3971.4
Cotton,Gram,2912.3
Sugarcane,Rice,30158.1
Sugarcane,Wheat,20745.7
Sugarcane,Maize,21465.0
Sugarcane,Cotton,30964.9
Sugarcane,Sugarcane,0.0
Sugarcane,Soyabean,18194.4
Sugarcane,Groundnut,21682.6
Sugarcane,Bajra,28580.5
Sugarcane,Jowar,24380.0
Sugarcane,Gram,30503.6
Soyabean,Rice,1835.0
Soyabean,Wheat,1564.5
Soyabean,Maize,3854.3
Soyabean,Cotton,1571.8
Soyabean,Sugarcane,26695.3
Soyabean,Soyabean,0.0
Soyabean,Groundnut,1408.6
Soyabean,Bajra,1779.4
Soyabean,Jowar,3822.7
Soyabean,Gram,2360.8
Groundnut,Rice,1827.3
Groundnut,Wheat,3487.3
Groundnut,Maize,1603.0
Groundnut,Cotton,3306.6
Groundnut,Sugarcane,21928.8
Groundnut,Soyabean,2024.2
Groundnut,Groundnut,0.0
Groundnut,Bajra,2694.8
Groundnut,Jowar,1559.3
Groundnut,Gram,1984.5
Bajra,Rice,3727.1
Bajra,Wheat,1563.6
Bajra,Maize,2528.0
Bajra,Cotton,3637.2
Bajra,Sugarcane,22476.2
Bajra,Soyabean,3408.9
Bajra,Groundnut,2140.5
Bajra,Bajra,0.0
Bajra,Jowar,2151.7
Bajra,Gram,3915.0
Jowar,Rice,2588.2
Jowar,Wheat,2235.2
Jowar,Maize,3811.5
Jowar,Cotton,3628.7
Jowar,Sugarcane,32133.7
Jowar,Soyabean,3141.5
Jowar,Groundnut,3572.2
Jowar,Bajra,3392.2
Jowar,Jowar,0.0
Jowar,Gram,3758.4
Gram,Rice,3230.1
Gram,Wheat,3470.6
Gram,Maize,3926.7
Gram,Cotton,3606.9
Gram,Sugarcane,21487.9
Gram,Soyabean,1878.6
Gram,Groundnut,1135.6
Gram,Bajra,3874.1
Gram,Jowar,3860.6
Gram,Gram,0.0
