State,District,Crop_Year,Season,Avg_Temperature_C,Total_Rainfall_mm,Avg_Humidity_pct,Avg_Soil_Moisture_pct
Punjab,Ludhiana,2015,Kharif,27.0,577.0,65.4,21.1
Punjab,Ludhiana,2015,Rabi,18.3,83.8,49.2,11.2
Punjab,Ludhiana,2015,Whole Year,23.8,696.2,55.8,15.1
Punjab,Ludhiana,2016,Kharif,26.6,757.2,63.7,26.3
Punjab,Ludhiana,2016,Rabi,18.6,109.6,50.4,12.1
Punjab,Ludhiana,2016,Whole Year,23.8,885.8,56.3,18.3
Punjab,Ludhiana,2017,Kharif,26.6,630.8,63.4,22.9
Punjab,Ludhiana,2017,Rabi,18.6,75.7,49.6,11.3
Punjab,Ludhiana,2017,Whole Year,23.7,732.3,55.9,15.9
Punjab,Ludhiana,2018,Kharif,26.5,744.0,66.6,26.3
Punjab,Ludhiana,2018,Rabi,19.0,105.9,50.2,10.4
Punjab,Ludhiana,2018,Whole Year,23.9,868.2,56.8,17.4
Punjab,Ludhiana,2019,Kharif,26.7,773.7,67.5,25.6
Punjab,Ludhiana,2019,Rabi,18.4,107.9,51.5,13.7
Punjab,Ludhiana,2019,Whole Year,23.7,908.9,58.1,18.5
Punjab,Ludhiana,2020,Kharif,27.1,758.1,66.3,25.6
Punjab,Ludhiana,2020,Rabi,18.6,118.0,50.3,14.4
Punjab,Ludhiana,2020,Whole Year,23.8,895.9,56.6,18.2
Punjab,Ludhiana,2021,Kharif,26.7,678.8,65.6,23.6
Punjab,Ludhiana,2021,Rabi,18.3,130.7,49.1,10.9
Punjab,Ludhiana,2021,Whole Year,23.7,843.4,56.0,16.4
Punjab,Ludhiana,2022,Kharif,26.5,583.2,65.5,20.0
Punjab,Ludhiana,2022,Rabi,18.0,82.1,52.5,10.7
Punjab,Ludhiana,2022,Whole Year,23.2,701.0,57.2,15.3
Punjab,Ludhiana,2023,Kharif,26.6,719.0,64.3,26.3
Punjab,Ludhiana,2023,Rabi,18.5,105.2,49.4,13.8
Punjab,Ludhiana,2023,Whole Year,23.6,848.4,55.1,18.0
Punjab,Amritsar,2015,Kharif,26.8,790.8,65.6,26.9
Punjab,Amritsar,2015,Rabi,19.0,114.0,49.9,10.8
Punjab,Amritsar,2015,Whole Year,24.0,927.3,57.0,17.8
Punjab,Amritsar,2016,Kharif,27.2,613.4,66.3,20.9
Punjab,Amritsar,2016,Rabi,18.8,126.2,50.2,10.9
Punjab,Amritsar,2016,Whole Year,24.1,758.5,56.8,15.0
Punjab,Amritsar,2017,Kharif,26.5,758.2,67.6,24.1
Punjab,Amritsar,2017,Rabi,18.4,112.4,52.4,11.0
Punjab,Amritsar,2017,Whole Year,23.4,890.6,58.2,16.6
Punjab,Amritsar,2018,Kharif,26.7,567.7,65.2,21.6
Punjab,Amritsar,2018,Rabi,19.2,116.3,51.2,10.9
Punjab,Amritsar,2018,Whole Year,24.1,704.6,57.2,15.1
Punjab,Amritsar,2019,Kharif,27.2,686.2,66.1,25.5
Punjab,Amritsar,2019,Rabi,18.1,99.0,52.0,10.6
Punjab,Amritsar,2019,Whole Year,23.8,817.0,58.2,16.5
Punjab,Amritsar,2020,Kharif,27.4,795.3,66.3,22.7
Punjab,Amritsar,2020,Rabi,18.2,89.8,50.2,12.0
Punjab,Amritsar,2020,Whole Year,24.2,910.8,56.5,15.8
Punjab,Amritsar,2021,Kharif,26.8,637.5,66.6,22.2
Punjab,Amritsar,2021,Rabi,18.3,111.3,50.7,10.0
Punjab,Amritsar,2021,Whole Year,23.7,786.8,57.8,14.9
Punjab,Amritsar,2022,Kharif,27.1,674.4,68.2,23.7
Punjab,Amritsar,2022,Rabi,18.5,111.4,49.2,11.8
Punjab,Amritsar,2022,Whole Year,24.0,807.1,57.2,16.4
Punjab,Amritsar,2023,Kharif,27.0,808.3,67.3,24.8
Punjab,Amritsar,2023,Rabi,18.7,99.0,50.3,10.5
Punjab,Amritsar,2023,Whole Year,24.1,932.3,57.5,16.2
Punjab,Patiala,2015,Kharif,26.5,567.0,65.1,22.7
Punjab,Patiala,2015,Rabi,19.5,98.9,47.7,12.4
Punjab,Patiala,2015,Whole Year,23.9,687.5,55.6,15.9
Punjab,Patiala,2016,Kharif,27.8,782.1,67.4,23.0
Punjab,Patiala,2016,Rabi,18.4,104.8,48.5,13.8
Punjab,Patiala,2016,Whole Year,24.2,916.6,56.0,17.1
Punjab,Patiala,2017,Kharif,27.0,633.5,65.7,21.3
Punjab,Patiala,2017,Rabi,19.2,81.0,50.7,12.9
Punjab,Patiala,2017,Whole Year,24.0,741.8,56.8,15.9
Punjab,Patiala,2018,Kharif,26.6,749.6,65.4,26.7
Punjab,Patiala,2018,Rabi,19.3,99.2,51.6,10.1
Punjab,Patiala,2018,Whole Year,24.0,861.9,57.1,17.3
Punjab,Patiala,2019,Kharif,26.7,674.4,63.7,23.3
Punjab,Patiala,2019,Rabi,18.7,87.2,50.9,11.0
Punjab,Patiala,2019,Whole Year,23.8,778.8,56.2,16.1
Punjab,Patiala,2020,Kharif,26.5,751.8,66.6,24.6
Punjab,Patiala,2020,Rabi,18.2,103.3,50.6,11.4
Punjab,Patiala,2020,Whole Year,23.5,874.3,57.0,16.8
Punjab,Patiala,2021,Kharif,26.6,664.4,64.0,24.2
Punjab,Patiala,2021,Rabi,19.4,102.1,48.4,13.4
Punjab,Patiala,2021,Whole Year,24.1,797.9,55.4,18.3
Punjab,Patiala,2022,Kharif,27.0,740.1,67.0,24.0
Punjab,Patiala,2022,Rabi,18.3,99.5,50.7,13.2
Punjab,Patiala,2022,Whole Year,23.6,854.5,57.2,16.8
Punjab,Patiala,2023,Kharif,26.9,708.1,66.9,24.1
Punjab,Patiala,2023,Rabi,18.9,115.4,47.1,12.5
Punjab,Patiala,2023,Whole Year,23.9,848.6,55.9,17.3
Punjab,Bathinda,2015,Kharif,26.9,714.7,65.5,24.6
Punjab,Bathinda,2015,Rabi,19.2,88.2,49.3,11.3
Punjab,Bathinda,2015,Whole Year,24.0,828.1,56.2,16.9
Punjab,Bathinda,2016,Kharif,26.3,831.6,67.3,27.0
Punjab,Bathinda,2016,Rabi,18.7,117.8,49.5,14.7
Punjab,Bathinda,2016,Whole Year,23.8,966.6,57.1,19.5
Punjab,Bathinda,2017,Kharif,27.4,768.8,66.0,24.6
Punjab,Bathinda,2017,Rabi,18.2,68.7,47.4,12.4
Punjab,Bathinda,2017,Whole Year,24.0,856.0,55.1,17.7
Punjab,Bathinda,2018,Kharif,27.3,858.1,64.7,29.2
Punjab,Bathinda,2018,Rabi,19.3,101.4,48.1,11.7
Punjab,Bathinda,2018,Whole Year,24.4,970.3,54.6,18.9
Punjab,Bathinda,2019,Kharif,27.0,790.5,66.3,25.4
Punjab,Bathinda,2019,Rabi,18.8,120.3,50.1,13.2
Punjab,Bathinda,2019,Whole Year,24.0,928.5,57.1,18.4
Punjab,Bathinda,2020,Kharif,27.7,707.8,66.5,22.6
Punjab,Bathinda,2020,Rabi,19.0,106.8,46.5,12.3
Punjab,Bathinda,2020,Whole Year,24.3,837.0,56.1,16.6
Punjab,Bathinda,2021,Kharif,26.9,725.0,65.1,25.3
Punjab,Bathinda,2021,Rabi,18.4,123.8,51.7,10.5
Punjab,Bathinda,2021,Whole Year,23.7,857.2,56.7,16.6
Punjab,Bathinda,2022,Kharif,27.4,823.4,65.4,27.2
Punjab,Bathinda,2022,Rabi,18.6,100.0,47.3,14.3
Punjab,Bathinda,2022,Whole Year,24.0,953.1,55.7,19.4
Punjab,Bathinda,2023,Kharif,26.4,840.3,67.0,25.7
Punjab,Bathinda,2023,Rabi,19.4,95.1,49.1,12.3
Punjab,Bathinda,2023,Whole Year,23.9,965.1,57.1,17.3
Haryana,Karnal,2015,Kharif,27.9,681.5,62.1,23.3
Haryana,Karnal,2015,Rabi,20.0,61.6,46.9,12.1
Haryana,Karnal,2015,Whole Year,25.2,770.0,53.4,16.5
Haryana,Karnal,2016,Kharif,27.8,672.6,62.3,23.2
Haryana,Karnal,2016,Rabi,20.0,79.8,48.6,11.6
Haryana,Karnal,2016,Whole Year,24.9,767.8,53.9,16.2
Haryana,Karnal,2017,Kharif,28.0,640.6,64.6,20.2
Haryana,Karnal,2017,Rabi,20.5,82.6,44.5,11.0
Haryana,Karnal,2017,Whole Year,25.1,756.1,53.1,15.1
Haryana,Karnal,2018,Kharif,28.0,532.6,63.5,22.2
Haryana,Karnal,2018,Rabi,18.9,90.2,48.3,12.8
Haryana,Karnal,2018,Whole Year,24.8,643.6,54.3,15.7
Haryana,Karnal,2019,Kharif,28.0,649.4,62.7,20.7
Haryana,Karnal,2019,Rabi,20.2,102.8,46.9,11.0
Haryana,Karnal,2019,Whole Year,25.2,773.4,52.7,14.8
Haryana,Karnal,2020,Kharif,28.5,718.0,64.3,22.0
Haryana,Karnal,2020,Rabi,20.0,106.9,46.3,12.4
Haryana,Karnal,2020,Whole Year,25.4,850.4,53.7,15.8
Haryana,Karnal,2021,Kharif,27.9,634.0,61.4,22.9
Haryana,Karnal,2021,Rabi,19.5,68.9,46.0,10.4
Haryana,Karnal,2021,Whole Year,24.7,726.9,52.6,16.0
Haryana,Karnal,2022,Kharif,28.3,693.0,64.1,22.9
Haryana,Karnal,2022,Rabi,19.4,103.1,47.5,13.0
Haryana,Karnal,2022,Whole Year,25.1,823.8,54.9,16.5
Haryana,Karnal,2023,Kharif,27.8,725.8,64.8,24.5
Haryana,Karnal,2023,Rabi,20.3,117.1,47.1,9.3
Haryana,Karnal,2023,Whole Year,25.2,871.4,54.8,16.3
Haryana,Hisar,2015,Kharif,27.9,736.6,62.5,23.1
Haryana,Hisar,2015,Rabi,20.1,87.9,45.5,11.3
Haryana,Hisar,2015,Whole Year,25.2,840.1,52.7,16.8
Haryana,Hisar,2016,Kharif,28.6,703.3,61.4,25.7
Haryana,Hisar,2016,Rabi,19.8,65.6,47.5,10.9
Haryana,Hisar,2016,Whole Year,25.1,797.6,53.1,17.2
Haryana,Hisar,2017,Kharif,28.1,611.0,63.0,22.4
Haryana,Hisar,2017,Rabi,19.6,60.0,45.7,11.5
Haryana,Hisar,2017,Whole Year,25.0,689.5,52.8,16.1
Haryana,Hisar,2018,Kharif,28.3,613.8,62.6,24.2
Haryana,Hisar,2018,Rabi,19.4,97.8,44.8,10.3
Haryana,Hisar,2018,Whole Year,24.8,729.4,52.2,15.9
Haryana,Hisar,2019,Kharif,28.4,683.5,63.5,23.8
Haryana,Hisar,2019,Rabi,19.7,95.6,47.8,8.9
Haryana,Hisar,2019,Whole Year,25.3,805.8,53.6,14.9
Haryana,Hisar,2020,Kharif,27.9,668.0,61.9,25.2
Haryana,Hisar,2020,Rabi,19.7,81.5,45.5,11.0
Haryana,Hisar,2020,Whole Year,24.8,761.1,52.7,16.9
Haryana,Hisar,2021,Kharif,27.3,697.6,65.2,23.8
Haryana,Hisar,2021,Rabi,20.1,86.8,44.4,12.1
Haryana,Hisar,2021,Whole Year,24.9,802.9,53.6,16.7
Haryana,Hisar,2022,Kharif,28.2,668.1,62.9,22.8
Haryana,Hisar,2022,Rabi,20.2,87.9,49.4,12.6
Haryana,Hisar,2022,Whole Year,25.2,779.4,54.5,15.8
Haryana,Hisar,2023,Kharif,27.3,643.7,62.6,22.1
Haryana,Hisar,2023,Rabi,20.0,72.9,47.9,12.0
Haryana,Hisar,2023,Whole Year,24.6,735.3,53.9,16.0
Haryana,Sirsa,2015,Kharif,28.4,732.2,64.0,25.0
Haryana,Sirsa,2015,Rabi,19.8,87.0,48.8,10.9
Haryana,Sirsa,2015,Whole Year,25.1,835.0,54.4,16.5
Haryana,Sirsa,2016,Kharif,28.1,546.9,62.5,22.6
Haryana,Sirsa,2016,Rabi,19.3,72.6,45.6,12.0
Haryana,Sirsa,2016,Whole Year,24.8,639.8,53.6,15.9
Haryana,Sirsa,2017,Kharif,28.6,683.0,62.9,24.6
Haryana,Sirsa,2017,Rabi,19.3,103.9,45.0,9.4
Haryana,Sirsa,2017,Whole Year,25.1,801.9,52.8,16.6
Haryana,Sirsa,2018,Kharif,27.7,618.4,63.1,21.0
Haryana,Sirsa,2018,Rabi,19.8,107.9,46.6,9.7
Haryana,Sirsa,2018,Whole Year,24.9,740.1,53.9,15.0
Haryana,Sirsa,2019,Kharif,28.3,479.2,64.1,19.6
Haryana,Sirsa,2019,Rabi,20.2,83.8,48.8,11.3
Haryana,Sirsa,2019,Whole Year,25.1,582.6,54.6,14.6
Haryana,Sirsa,2020,Kharif,28.1,541.9,64.8,21.4
Haryana,Sirsa,2020,Rabi,19.7,122.5,45.0,11.2
Haryana,Sirsa,2020,Whole Year,25.0,675.8,53.4,15.0
Haryana,Sirsa,2021,Kharif,28.2,760.9,62.5,27.6
Haryana,Sirsa,2021,Rabi,19.0,77.1,46.4,13.3
Haryana,Sirsa,2021,Whole Year,24.6,871.8,53.3,18.9
Haryana,Sirsa,2022,Kharif,27.2,730.9,63.2,24.4
Haryana,Sirsa,2022,Rabi,19.4,69.2,46.6,11.2
Haryana,Sirsa,2022,Whole Year,24.5,808.3,53.2,16.7
Haryana,Sirsa,2023,Kharif,28.2,703.1,62.0,23.2
Haryana,Sirsa,2023,Rabi,20.0,93.6,48.2,13.5
Haryana,Sirsa,2023,Whole Year,25.1,819.4,54.1,16.6
Haryana,Kurukshetra,2015,Kharif,27.7,765.5,64.1,23.1
Haryana,Kurukshetra,2015,Rabi,20.0,98.7,47.1,12.2
Haryana,Kurukshetra,2015,Whole Year,24.9,883.1,54.6,16.5
Haryana,Kurukshetra,2016,Kharif,28.2,535.2,63.3,21.8
Haryana,Kurukshetra,2016,Rabi,20.0,82.4,47.9,9.0
Haryana,Kurukshetra,2016,Whole Year,25.2,636.3,53.7,14.2
Haryana,Kurukshetra,2017,Kharif,28.1,679.7,60.0,23.1
Haryana,Kurukshetra,2017,Rabi,20.4,89.7,47.5,12.5
Haryana,Kurukshetra,2017,Whole Year,25.3,801.2,52.7,16.9
Haryana,Kurukshetra,2018,Kharif,27.8,595.6,64.2,22.4
Haryana,Kurukshetra,2018,Rabi,19.1,104.7,46.5,11.2
Haryana,Kurukshetra,2018,Whole Year,24.6,719.1,54.3,15.5
Haryana,Kurukshetra,2019,Kharif,28.0,651.5,62.0,22.3
Haryana,Kurukshetra,2019,Rabi,20.5,107.7,46.6,10.1
Haryana,Kurukshetra,2019,Whole Year,25.3,768.8,53.7,15.4
Haryana,Kurukshetra,2020,Kharif,28.0,701.7,62.9,23.3
Haryana,Kurukshetra,2020,Rabi,19.8,102.6,48.7,10.9
Haryana,Kurukshetra,2020,Whole Year,25.0,816.9,54.5,16.3
Haryana,Kurukshetra,2021,Kharif,27.8,574.9,60.2,23.1
Haryana,Kurukshetra,2021,Rabi,19.4,101.8,45.1,11.5
Haryana,Kurukshetra,2021,Whole Year,24.8,704.0,51.3,16.2
Haryana,Kurukshetra,2022,Kharif,28.1,647.8,64.4,20.5
Haryana,Kurukshetra,2022,Rabi,20.0,94.1,47.6,11.1
Haryana,Kurukshetra,2022,Whole Year,25.1,767.3,55.2,14.5
Haryana,Kurukshetra,2023,Kharif,28.4,612.7,64.1,23.7
Haryana,Kurukshetra,2023,Rabi,20.2,79.0,49.0,14.6
Haryana,Kurukshetra,2023,Whole Year,25.5,715.4,55.5,18.3
Uttar Pradesh,Meerut,2015,Kharif,28.5,1092.6,72.5,33.6
Uttar Pradesh,Meerut,2015,Rabi,20.9,116.4,54.9,12.2
Uttar Pradesh,Meerut,2015,Whole Year,25.8,1230.5,61.8,21.0
Uttar Pradesh,Meerut,2016,Kharif,29.2,1183.8,72.2,34.5
Uttar Pradesh,Meerut,2016,Rabi,20.2,184.0,56.4,12.4
Uttar Pradesh,Meerut,2016,Whole Year,25.7,1407.9,62.8,21.8
Uttar Pradesh,Meerut,2017,Kharif,29.4,929.7,69.9,27.0
Uttar Pradesh,Meerut,2017,Rabi,21.5,162.4,55.8,15.2
Uttar Pradesh,Meerut,2017,Whole Year,26.4,1113.7,61.3,19.7
Uttar Pradesh,Meerut,2018,Kharif,29.1,1043.3,70.5,32.1
Uttar Pradesh,Meerut,2018,Rabi,20.9,153.9,55.8,13.7
Uttar Pradesh,Meerut,2018,Whole Year,26.2,1226.3,61.9,21.0
Uttar Pradesh,Meerut,2019,Kharif,28.7,1035.2,71.9,31.3
Uttar Pradesh,Meerut,2019,Rabi,20.4,135.7,54.0,12.6
Uttar Pradesh,Meerut,2019,Whole Year,25.8,1212.2,61.7,20.8
Uttar Pradesh,Meerut,2020,Kharif,29.4,1128.0,71.3,31.2
Uttar Pradesh,Meerut,2020,Rabi,20.2,145.1,54.2,12.6
Uttar Pradesh,Meerut,2020,Whole Year,25.9,1314.2,60.8,20.8
Uttar Pradesh,Meerut,2021,Kharif,28.6,1040.4,70.4,31.1
Uttar Pradesh,Meerut,2021,Rabi,20.5,169.6,55.5,14.0
Uttar Pradesh,Meerut,2021,Whole Year,25.7,1246.2,61.4,21.2
Uttar Pradesh,Meerut,2022,Kharif,28.7,929.1,70.6,29.3
Uttar Pradesh,Meerut,2022,Rabi,21.1,143.2,55.4,13.2
Uttar Pradesh,Meerut,2022,Whole Year,25.9,1082.4,61.7,19.8
Uttar Pradesh,Meerut,2023,Kharif,29.4,1119.9,70.3,31.2
Uttar Pradesh,Meerut,2023,Rabi,21.2,139.0,51.5,16.2
Uttar Pradesh,Meerut,2023,Whole Year,26.3,1295.4,59.7,21.6
Uttar Pradesh,Kanpur Dehat,2015,Kharif,29.4,764.5,71.5,25.9
Uttar Pradesh,Kanpur Dehat,2015,Rabi,21.0,157.1,54.3,12.2
Uttar Pradesh,Kanpur Dehat,2015,Whole Year,26.3,934.6,62.0,17.7
Uttar Pradesh,Kanpur Dehat,2016,Kharif,29.7,1226.7,71.6,34.7
Uttar Pradesh,Kanpur Dehat,2016,Rabi,20.8,175.2,56.1,15.3
Uttar Pradesh,Kanpur Dehat,2016,Whole Year,26.2,1435.9,61.8,22.6
Uttar Pradesh,Kanpur Dehat,2017,Kharif,28.9,1152.1,69.4,30.8
Uttar Pradesh,Kanpur Dehat,2017,Rabi,20.2,150.7,55.3,15.2
Uttar Pradesh,Kanpur Dehat,2017,Whole Year,25.5,1328.9,61.5,21.6
Uttar Pradesh,Kanpur Dehat,2018,Kharif,28.6,1073.2,70.3,31.1
Uttar Pradesh,Kanpur Dehat,2018,Rabi,20.7,111.5,56.5,10.2
Uttar Pradesh,Kanpur Dehat,2018,Whole Year,25.8,1217.8,62.5,18.7
Uttar Pradesh,Kanpur Dehat,2019,Kharif,29.4,919.9,70.9,28.6
Uttar Pradesh,Kanpur Dehat,2019,Rabi,20.7,92.7,56.5,11.3
Uttar Pradesh,Kanpur Dehat,2019,Whole Year,26.0,1039.6,61.9,17.9
Uttar Pradesh,Kanpur Dehat,2020,Kharif,29.8,970.6,69.3,29.5
Uttar Pradesh,Kanpur Dehat,2020,Rabi,20.8,169.3,53.2,11.6
Uttar Pradesh,Kanpur Dehat,2020,Whole Year,26.4,1174.4,59.6,19.0
Uttar Pradesh,Kanpur Dehat,2021,Kharif,28.4,1172.4,70.1,31.2
Uttar Pradesh,Kanpur Dehat,2021,Rabi,21.4,159.6,56.3,15.0
Uttar Pradesh,Kanpur Dehat,2021,Whole Year,25.8,1360.0,61.4,21.6
Uttar Pradesh,Kanpur Dehat,2022,Kharif,29.0,973.0,69.8,30.0
Uttar Pradesh,Kanpur Dehat,2022,Rabi,20.8,167.8,55.6,13.0
Uttar Pradesh,Kanpur Dehat,2022,Whole Year,26.1,1176.4,61.4,20.0
Uttar Pradesh,Kanpur Dehat,2023,Kharif,29.6,1025.5,70.1,31.7
Uttar Pradesh,Kanpur Dehat,2023,Rabi,21.5,141.6,55.4,12.5
Uttar Pradesh,Kanpur Dehat,2023,Whole Year,26.4,1192.9,60.7,20.1
Uttar Pradesh,Gorakhpur,2015,Kharif,29.1,971.4,68.9,27.4
Uttar Pradesh,Gorakhpur,2015,Rabi,20.3,122.9,54.0,12.4
Uttar Pradesh,Gorakhpur,2015,Whole Year,26.1,1107.8,59.9,18.8
Uttar Pradesh,Gorakhpur,2016,Kharif,29.3,1082.6,70.1,32.5
Uttar Pradesh,Gorakhpur,2016,Rabi,20.0,122.5,56.1,12.2
Uttar Pradesh,Gorakhpur,2016,Whole Year,25.8,1237.6,61.2,20.7
Uttar Pradesh,Gorakhpur,2017,Kharif,28.4,899.8,73.5,29.4
Uttar Pradesh,Gorakhpur,2017,Rabi,20.5,105.7,53.5,12.1
Uttar Pradesh,Gorakhpur,2017,Whole Year,25.6,1032.3,62.4,19.2
Uttar Pradesh,Gorakhpur,2018,Kharif,29.0,986.8,70.3,30.4
Uttar Pradesh,Gorakhpur,2018,Rabi,20.9,106.1,51.8,13.4
Uttar Pradesh,Gorakhpur,2018,Whole Year,26.2,1126.6,59.8,20.8
Uttar Pradesh,Gorakhpur,2019,Kharif,30.0,981.8,73.4,30.6
Uttar Pradesh,Gorakhpur,2019,Rabi,21.1,161.1,54.0,13.2
Uttar Pradesh,Gorakhpur,2019,Whole Year,26.6,1192.0,62.0,20.8
Uttar Pradesh,Gorakhpur,2020,Kharif,29.0,1213.7,73.2,33.7
Uttar Pradesh,Gorakhpur,2020,Rabi,20.7,156.0,52.1,10.3
Uttar Pradesh,Gorakhpur,2020,Whole Year,26.1,1406.6,61.2,20.4
Uttar Pradesh,Gorakhpur,2021,Kharif,29.4,1181.1,71.6,34.6
Uttar Pradesh,Gorakhpur,2021,Rabi,21.0,209.3,56.0,12.6
Uttar Pradesh,Gorakhpur,2021,Whole Year,26.3,1439.3,61.8,21.6
Uttar Pradesh,Gorakhpur,2022,Kharif,28.8,940.1,71.8,30.1
Uttar Pradesh,Gorakhpur,2022,Rabi,20.4,130.6,52.7,10.8
Uttar Pradesh,Gorakhpur,2022,Whole Year,25.7,1098.3,61.3,19.5
Uttar Pradesh,Gorakhpur,2023,Kharif,29.2,954.3,71.2,30.1
Uttar Pradesh,Gorakhpur,2023,Rabi,20.8,166.3,54.8,13.6
Uttar Pradesh,Gorakhpur,2023,Whole Year,25.9,1140.3,61.8,20.3
Uttar Pradesh,Bareilly,2015,Kharif,28.2,1060.3,69.2,31.9
Uttar Pradesh,Bareilly,2015,Rabi,20.3,181.6,55.4,14.5
Uttar Pradesh,Bareilly,2015,Whole Year,25.5,1281.0,61.3,21.0
Uttar Pradesh,Bareilly,2016,Kharif,28.9,1043.4,70.2,31.6
Uttar Pradesh,Bareilly,2016,Rabi,20.9,133.5,55.9,12.8
Uttar Pradesh,Bareilly,2016,Whole Year,26.0,1215.8,61.5,20.6
Uttar Pradesh,Bareilly,2017,Kharif,29.4,1102.0,71.1,32.6
Uttar Pradesh,Bareilly,2017,Rabi,21.5,173.5,51.8,14.4
Uttar Pradesh,Bareilly,2017,Whole Year,26.4,1323.6,60.8,22.2
Uttar Pradesh,Bareilly,2018,Kharif,29.8,1188.5,71.6,32.3
Uttar Pradesh,Bareilly,2018,Rabi,20.9,107.9,55.4,12.9
Uttar Pradesh,Bareilly,2018,Whole Year,26.3,1324.3,62.2,20.8
Uttar Pradesh,Bareilly,2019,Kharif,29.9,1079.9,72.7,33.0
Uttar Pradesh,Bareilly,2019,Rabi,20.6,122.1,55.3,12.3
Uttar Pradesh,Bareilly,2019,Whole Year,26.3,1234.6,62.6,20.3
Uttar Pradesh,Bareilly,2020,Kharif,28.8,1213.2,71.5,34.8
Uttar Pradesh,Bareilly,2020,Rabi,21.2,148.7,56.8,14.1
Uttar Pradesh,Bareilly,2020,Whole Year,26.1,1385.4,62.3,21.9
Uttar Pradesh,Bareilly,2021,Kharif,29.1,1017.4,73.3,30.7
Uttar Pradesh,Bareilly,2021,Rabi,21.2,141.6,53.5,12.4
Uttar Pradesh,Bareilly,2021,Whole Year,25.9,1195.5,61.5,20.6
Uttar Pradesh,Bareilly,2022,Kharif,28.7,973.2,70.7,28.9
Uttar Pradesh,Bareilly,2022,Rabi,20.5,116.3,53.9,11.5
Uttar Pradesh,Bareilly,2022,Whole Year,25.7,1116.1,61.2,18.4
Uttar Pradesh,Bareilly,2023,Kharif,28.1,976.1,72.5,29.5
Uttar Pradesh,Bareilly,2023,Rabi,21.3,166.1,54.6,11.0
Uttar Pradesh,Bareilly,2023,Whole Year,26.0,1162.0,62.0,18.3
Madhya Pradesh,Indore,2015,Kharif,29.3,968.6,67.8,32.2
Madhya Pradesh,Indore,2015,Rabi,21.5,156.0,52.5,13.4
Madhya Pradesh,Indore,2015,Whole Year,26.4,1175.1,58.6,21.6
Madhya Pradesh,Indore,2016,Kharif,28.7,1302.7,69.0,35.2
Madhya Pradesh,Indore,2016,Rabi,20.9,148.9,53.1,11.6
Madhya Pradesh,Indore,2016,Whole Year,26.0,1484.4,59.7,22.0
Madhya Pradesh,Indore,2017,Kharif,28.8,1116.5,68.7,33.2
Madhya Pradesh,Indore,2017,Rabi,20.7,140.7,53.7,12.6
Madhya Pradesh,Indore,2017,Whole Year,25.9,1304.4,60.0,21.8
Madhya Pradesh,Indore,2018,Kharif,28.3,1313.7,67.7,36.8
Madhya Pradesh,Indore,2018,Rabi,20.8,194.3,53.3,12.3
Madhya Pradesh,Indore,2018,Whole Year,25.5,1542.6,59.2,22.4
Madhya Pradesh,Indore,2019,Kharif,29.1,1232.0,68.1,34.2
Madhya Pradesh,Indore,2019,Rabi,20.4,142.8,51.2,12.5
Madhya Pradesh,Indore,2019,Whole Year,25.9,1413.6,58.8,21.5
Madhya Pradesh,Indore,2020,Kharif,29.2,1165.9,68.2,33.3
Madhya Pradesh,Indore,2020,Rabi,21.0,173.8,54.8,13.9
Madhya Pradesh,Indore,2020,Whole Year,26.1,1372.1,60.3,21.1
Madhya Pradesh,Indore,2021,Kharif,29.3,1289.6,70.3,34.2
Madhya Pradesh,Indore,2021,Rabi,21.5,159.3,52.9,14.2
Madhya Pradesh,Indore,2021,Whole Year,26.4,1474.8,60.1,21.6
Madhya Pradesh,Indore,2022,Kharif,28.8,1190.5,68.5,33.9
Madhya Pradesh,Indore,2022,Rabi,20.8,183.6,52.9,12.5
Madhya Pradesh,Indore,2022,Whole Year,25.8,1411.6,59.5,21.8
Madhya Pradesh,Indore,2023,Kharif,28.8,1111.9,69.4,32.1
Madhya Pradesh,Indore,2023,Rabi,21.4,142.9,52.0,14.3
Madhya Pradesh,Indore,2023,Whole Year,26.1,1274.0,58.9,21.5
Madhya Pradesh,Ujjain,2015,Kharif,29.0,1264.6,68.2,36.2
Madhya Pradesh,Ujjain,2015,Rabi,20.6,148.9,52.7,11.4
Madhya Pradesh,Ujjain,2015,Whole Year,25.8,1446.4,59.2,21.1
Madhya Pradesh,Ujjain,2016,Kharif,28.7,1313.4,67.3,34.7
Madhya Pradesh,Ujjain,2016,Rabi,21.8,117.1,52.2,12.0
Madhya Pradesh,Ujjain,2016,Whole Year,26.3,1479.6,58.0,21.6
Madhya Pradesh,Ujjain,2017,Kharif,28.6,1257.7,67.4,32.1
Madhya Pradesh,Ujjain,2017,Rabi,20.6,134.1,53.4,11.2
Madhya Pradesh,Ujjain,2017,Whole Year,25.7,1435.5,59.3,20.1
Madhya Pradesh,Ujjain,2018,Kharif,28.8,1235.7,70.3,35.3
Madhya Pradesh,Ujjain,2018,Rabi,21.0,190.9,54.6,11.4
Madhya Pradesh,Ujjain,2018,Whole Year,26.0,1458.9,61.0,21.0
Madhya Pradesh,Ujjain,2019,Kharif,29.9,1281.0,70.9,36.2
Madhya Pradesh,Ujjain,2019,Rabi,20.7,186.1,51.8,13.7
Madhya Pradesh,Ujjain,2019,Whole Year,26.5,1507.8,59.5,22.4
Madhya Pradesh,Ujjain,2020,Kharif,28.9,1017.6,68.6,31.0
Madhya Pradesh,Ujjain,2020,Rabi,20.4,178.3,51.7,14.5
Madhya Pradesh,Ujjain,2020,Whole Year,25.7,1224.7,58.5,20.8
Madhya Pradesh,Ujjain,2021,Kharif,28.8,1285.5,70.6,34.5
Madhya Pradesh,Ujjain,2021,Rabi,20.8,148.2,53.8,14.7
Madhya Pradesh,Ujjain,2021,Whole Year,25.8,1472.1,61.2,23.1
Madhya Pradesh,Ujjain,2022,Kharif,29.4,1109.2,68.0,31.5
Madhya Pradesh,Ujjain,2022,Rabi,21.1,203.7,53.3,14.2
Madhya Pradesh,Ujjain,2022,Whole Year,26.3,1331.0,59.1,20.7
Madhya Pradesh,Ujjain,2023,Kharif,29.3,1276.2,68.4,34.1
Madhya Pradesh,Ujjain,2023,Rabi,21.0,173.2,54.8,14.3
Madhya Pradesh,Ujjain,2023,Whole Year,26.3,1491.2,60.8,22.2
Madhya Pradesh,Hoshangabad,2015,Kharif,28.8,1327.2,70.4,37.1
Madhya Pradesh,Hoshangabad,2015,Rabi,21.1,207.6,51.7,16.0
Madhya Pradesh,Hoshangabad,2015,Whole Year,26.0,1565.2,59.8,23.5
Madhya Pradesh,Hoshangabad,2016,Kharif,28.0,1187.0,68.7,34.3
Madhya Pradesh,Hoshangabad,2016,Rabi,20.7,186.0,52.3,13.0
Madhya Pradesh,Hoshangabad,2016,Whole Year,25.7,1405.2,59.2,21.2
Madhya Pradesh,Hoshangabad,2017,Kharif,29.0,1257.2,72.0,35.3
Madhya Pradesh,Hoshangabad,2017,Rabi,21.2,156.8,56.7,14.3
Madhya Pradesh,Hoshangabad,2017,Whole Year,26.0,1439.7,62.9,22.7
Madhya Pradesh,Hoshangabad,2018,Kharif,28.7,1259.8,68.8,33.9
Madhya Pradesh,Hoshangabad,2018,Rabi,20.8,125.8,53.0,13.5
Madhya Pradesh,Hoshangabad,2018,Whole Year,26.0,1425.4,59.6,21.8
Madhya Pradesh,Hoshangabad,2019,Kharif,29.4,1116.1,69.3,31.2
Madhya Pradesh,Hoshangabad,2019,Rabi,21.2,189.7,50.4,13.3
Madhya Pradesh,Hoshangabad,2019,Whole Year,26.2,1343.3,58.4,20.3
Madhya Pradesh,Hoshangabad,2020,Kharif,29.0,1287.1,70.2,32.9
Madhya Pradesh,Hoshangabad,2020,Rabi,20.9,167.4,52.3,13.6
Madhya Pradesh,Hoshangabad,2020,Whole Year,26.2,1475.0,59.7,21.4
Madhya Pradesh,Hoshangabad,2021,Kharif,28.3,1072.5,69.3,30.3
Madhya Pradesh,Hoshangabad,2021,Rabi,20.6,181.6,52.2,14.9
Madhya Pradesh,Hoshangabad,2021,Whole Year,25.5,1281.2,59.7,20.8
Madhya Pradesh,Hoshangabad,2022,Kharif,28.9,1004.8,70.4,30.4
Madhya Pradesh,Hoshangabad,2022,Rabi,21.0,185.2,52.8,14.8
Madhya Pradesh,Hoshangabad,2022,Whole Year,25.9,1237.8,59.7,21.1
Madhya Pradesh,Hoshangabad,2023,Kharif,29.7,1069.9,69.8,30.9
Madhya Pradesh,Hoshangabad,2023,Rabi,21.3,203.4,52.7,14.2
Madhya Pradesh,Hoshangabad,2023,Whole Year,26.4,1320.1,59.4,21.2
Madhya Pradesh,Sehore,2015,Kharif,29.3,1106.7,68.6,31.3
Madhya Pradesh,Sehore,2015,Rabi,20.7,222.1,50.1,16.6
Madhya Pradesh,Sehore,2015,Whole Year,26.2,1356.9,58.3,21.8
Madhya Pradesh,Sehore,2016,Kharif,28.7,1160.9,68.8,30.9
Madhya Pradesh,Sehore,2016,Rabi,21.2,178.5,53.7,14.5
Madhya Pradesh,Sehore,2016,Whole Year,26.1,1382.1,60.2,21.3
Madhya Pradesh,Sehore,2017,Kharif,28.8,1197.3,69.9,34.0
Madhya Pradesh,Sehore,2017,Rabi,20.8,191.4,52.8,15.1
Madhya Pradesh,Sehore,2017,Whole Year,25.9,1439.5,59.6,22.5
Madhya Pradesh,Sehore,2018,Kharif,28.9,1293.3,67.8,35.3
Madhya Pradesh,Sehore,2018,Rabi,20.9,157.2,50.8,13.2
Madhya Pradesh,Sehore,2018,Whole Year,25.9,1508.0,57.7,21.9
Madhya Pradesh,Sehore,2019,Kharif,29.6,1155.8,69.5,30.6
Madhya Pradesh,Sehore,2019,Rabi,20.5,126.3,52.5,13.1
Madhya Pradesh,Sehore,2019,Whole Year,26.1,1326.9,60.1,20.2
Madhya Pradesh,Sehore,2020,Kharif,28.5,1420.7,69.6,35.8
Madhya Pradesh,Sehore,2020,Rabi,20.3,133.9,51.3,13.5
Madhya Pradesh,Sehore,2020,Whole Year,25.5,1577.1,59.5,22.1
Madhya Pradesh,Sehore,2021,Kharif,28.9,1242.0,69.9,35.3
Madhya Pradesh,Sehore,2021,Rabi,21.1,170.0,55.2,14.8
Madhya Pradesh,Sehore,2021,Whole Year,25.9,1441.2,60.6,22.8
Madhya Pradesh,Sehore,2022,Kharif,29.3,1068.0,68.0,33.3
Madhya Pradesh,Sehore,2022,Rabi,21.4,167.0,52.4,14.3
Madhya Pradesh,Sehore,2022,Whole Year,26.3,1288.9,59.0,21.8
Madhya Pradesh,Sehore,2023,Kharif,28.9,1123.6,70.6,33.1
Madhya Pradesh,Sehore,2023,Rabi,21.0,164.5,52.9,11.8
Madhya Pradesh,Sehore,2023,Whole Year,26.0,1332.6,59.7,20.2
Maharashtra,Nashik,2015,Kharif,29.3,1216.3,71.8,35.0
Maharashtra,Nashik,2015,Rabi,22.1,194.0,57.6,13.5
Maharashtra,Nashik,2015,Whole Year,26.9,1447.1,63.7,22.2
Maharashtra,Nashik,2016,Kharif,30.8,1211.5,73.6,32.8
Maharashtra,Nashik,2016,Rabi,22.0,168.4,56.7,15.2
Maharashtra,Nashik,2016,Whole Year,27.3,1416.6,63.9,21.9
Maharashtra,Nashik,2017,Kharif,30.2,1045.3,71.8,29.0
Maharashtra,Nashik,2017,Rabi,21.6,121.6,56.9,12.2
Maharashtra,Nashik,2017,Whole Year,26.8,1198.7,63.6,19.5
Maharashtra,Nashik,2018,Kharif,30.0,1154.5,74.7,32.2
Maharashtra,Nashik,2018,Rabi,22.0,140.7,55.4,13.2
Maharashtra,Nashik,2018,Whole Year,27.0,1335.1,64.2,21.2
Maharashtra,Nashik,2019,Kharif,30.0,1383.2,72.6,36.0
Maharashtra,Nashik,2019,Rabi,21.9,206.2,55.9,13.2
Maharashtra,Nashik,2019,Whole Year,27.1,1626.2,63.3,22.1
Maharashtra,Nashik,2020,Kharif,30.2,997.2,76.4,29.0
Maharashtra,Nashik,2020,Rabi,22.2,158.9,55.3,10.2
Maharashtra,Nashik,2020,Whole Year,27.4,1203.4,64.9,19.0
Maharashtra,Nashik,2021,Kharif,30.2,1263.8,71.0,32.6
Maharashtra,Nashik,2021,Rabi,21.9,120.6,54.0,12.7
Maharashtra,Nashik,2021,Whole Year,27.1,1426.4,61.0,21.0
Maharashtra,Nashik,2022,Kharif,30.2,1171.4,70.6,35.9
Maharashtra,Nashik,2022,Rabi,20.9,146.1,58.9,11.3
Maharashtra,Nashik,2022,Whole Year,26.6,1364.3,63.5,21.3
Maharashtra,Nashik,2023,Kharif,29.6,1110.4,74.6,33.6
Maharashtra,Nashik,2023,Rabi,22.0,169.3,57.2,12.4
Maharashtra,Nashik,2023,Whole Year,26.7,1305.1,64.9,21.2
Maharashtra,Pune,2015,Kharif,29.5,975.8,71.2,29.9
Maharashtra,Pune,2015,Rabi,22.1,150.7,58.3,14.6
Maharashtra,Pune,2015,Whole Year,27.0,1162.7,63.2,19.8
Maharashtra,Pune,2016,Kharif,30.2,974.8,74.5,29.3
Maharashtra,Pune,2016,Rabi,21.0,206.8,57.5,14.2
Maharashtra,Pune,2016,Whole Year,26.8,1222.1,64.2,19.9
Maharashtra,Pune,2017,Kharif,29.8,1265.4,75.3,35.1
Maharashtra,Pune,2017,Rabi,21.4,177.8,59.1,12.1
Maharashtra,Pune,2017,Whole Year,26.6,1470.8,65.8,21.6
Maharashtra,Pune,2018,Kharif,29.7,1246.4,73.0,34.3
Maharashtra,Pune,2018,Rabi,21.6,118.3,57.5,10.8
Maharashtra,Pune,2018,Whole Year,26.8,1397.9,63.8,20.9
Maharashtra,Pune,2019,Kharif,30.0,1276.6,72.8,35.0
Maharashtra,Pune,2019,Rabi,21.9,150.7,57.8,10.2
Maharashtra,Pune,2019,Whole Year,26.9,1469.7,64.3,20.6
Maharashtra,Pune,2020,Kharif,29.3,1222.8,74.2,36.0
Maharashtra,Pune,2020,Rabi,21.7,140.9,56.3,13.5
Maharashtra,Pune,2020,Whole Year,26.6,1386.5,63.9,22.4
Maharashtra,Pune,2021,Kharif,29.7,1074.8,74.9,31.6
Maharashtra,Pune,2021,Rabi,22.8,162.2,56.9,12.8
Maharashtra,Pune,2021,Whole Year,27.1,1282.4,64.8,20.0
Maharashtra,Pune,2022,Kharif,30.2,1038.8,72.5,30.8
Maharashtra,Pune,2022,Rabi,20.9,196.8,58.5,13.4
Maharashtra,Pune,2022,Whole Year,26.6,1273.9,63.9,20.9
Maharashtra,Pune,2023,Kharif,30.5,998.9,73.0,31.2
Maharashtra,Pune,2023,Rabi,22.0,181.2,58.2,12.0
Maharashtra,Pune,2023,Whole Year,27.4,1210.4,64.0,20.1
Maharashtra,Kolhapur,2015,Kharif,30.1,1300.5,75.3,36.6
Maharashtra,Kolhapur,2015,Rabi,21.6,113.7,57.3,15.1
Maharashtra,Kolhapur,2015,Whole Year,26.9,1438.8,65.2,23.3
Maharashtra,Kolhapur,2016,Kharif,30.1,1043.1,72.8,30.7
Maharashtra,Kolhapur,2016,Rabi,21.7,142.6,57.7,12.9
Maharashtra,Kolhapur,2016,Whole Year,26.8,1237.8,63.3,20.3
Maharashtra,Kolhapur,2017,Kharif,29.5,1031.2,75.2,30.5
Maharashtra,Kolhapur,2017,Rabi,22.3,158.3,57.0,13.0
Maharashtra,Kolhapur,2017,Whole Year,26.9,1211.4,64.5,20.3
Maharashtra,Kolhapur,2018,Kharif,29.8,1113.1,71.1,32.4
Maharashtra,Kolhapur,2018,Rabi,21.7,143.6,57.6,14.1
Maharashtra,Kolhapur,2018,Whole Year,26.7,1299.4,63.0,21.5
Maharashtra,Kolhapur,2019,Kharif,30.1,1124.2,73.9,33.2
Maharashtra,Kolhapur,2019,Rabi,22.3,136.3,55.9,12.9
Maharashtra,Kolhapur,2019,Whole Year,27.3,1287.4,64.4,21.2
Maharashtra,Kolhapur,2020,Kharif,30.0,1118.5,73.9,33.9
Maharashtra,Kolhapur,2020,Rabi,22.1,157.1,57.2,13.1
Maharashtra,Kolhapur,2020,Whole Year,27.0,1311.8,64.0,22.0
Maharashtra,Kolhapur,2021,Kharif,29.7,1205.1,72.6,32.4
Maharashtra,Kolhapur,2021,Rabi,22.4,163.1,54.8,13.2
Maharashtra,Kolhapur,2021,Whole Year,27.1,1409.4,62.1,20.8
Maharashtra,Kolhapur,2022,Kharif,29.7,1176.8,72.9,33.0
Maharashtra,Kolhapur,2022,Rabi,21.6,158.2,56.9,13.1
Maharashtra,Kolhapur,2022,Whole Year,26.8,1393.4,63.2,21.6
Maharashtra,Kolhapur,2023,Kharif,29.7,1123.3,74.3,30.2
Maharashtra,Kolhapur,2023,Rabi,22.6,160.3,57.8,12.2
Maharashtra,Kolhapur,2023,Whole Year,27.1,1316.3,64.9,19.1
Maharashtra,Nagpur,2015,Kharif,30.4,1132.5,70.9,33.0
Maharashtra,Nagpur,2015,Rabi,22.6,171.5,58.5,15.4
Maharashtra,Nagpur,2015,Whole Year,27.6,1358.3,63.7,22.3
Maharashtra,Nagpur,2016,Kharif,30.1,1187.4,72.3,32.4
Maharashtra,Nagpur,2016,Rabi,21.5,170.1,56.3,13.7
Maharashtra,Nagpur,2016,Whole Year,27.0,1388.1,63.2,21.1
Maharashtra,Nagpur,2017,Kharif,29.9,1068.7,73.3,30.8
Maharashtra,Nagpur,2017,Rabi,21.5,170.7,56.7,12.3
Maharashtra,Nagpur,2017,Whole Year,26.8,1281.3,63.9,19.8
Maharashtra,Nagpur,2018,Kharif,29.9,1270.9,74.3,34.2
Maharashtra,Nagpur,2018,Rabi,22.1,189.3,57.8,13.3
Maharashtra,Nagpur,2018,Whole Year,27.0,1493.7,64.2,21.7
Maharashtra,Nagpur,2019,Kharif,29.5,1172.4,72.5,32.3
Maharashtra,Nagpur,2019,Rabi,22.4,174.2,54.6,13.2
Maharashtra,Nagpur,2019,Whole Year,27.1,1384.3,62.8,21.2
Maharashtra,Nagpur,2020,Kharif,29.6,1023.6,74.9,29.5
Maharashtra,Nagpur,2020,Rabi,22.6,110.0,56.5,11.4
Maharashtra,Nagpur,2020,Whole Year,27.2,1170.1,64.2,19.3
Maharashtra,Nagpur,2021,Kharif,29.7,1106.1,73.9,32.4
Maharashtra,Nagpur,2021,Rabi,21.8,176.4,54.5,14.5
Maharashtra,Nagpur,2021,Whole Year,27.1,1319.5,63.0,21.9
Maharashtra,Nagpur,2022,Kharif,29.9,1029.0,73.3,31.9
Maharashtra,Nagpur,2022,Rabi,21.7,179.8,55.6,12.4
Maharashtra,Nagpur,2022,Whole Year,26.8,1259.8,62.9,21.0
Maharashtra,Nagpur,2023,Kharif,29.9,1241.0,74.0,35.0
Maharashtra,Nagpur,2023,Rabi,21.3,130.1,58.0,8.8
Maharashtra,Nagpur,2023,Whole Year,26.7,1386.5,64.5,20.3
Karnataka,Belagavi,2015,Kharif,29.3,1013.6,76.7,30.0
Karnataka,Belagavi,2015,Rabi,21.3,166.0,60.7,13.6
Karnataka,Belagavi,2015,Whole Year,26.2,1213.2,67.7,20.1
Karnataka,Belagavi,2016,Kharif,28.2,914.4,74.9,30.1
Karnataka,Belagavi,2016,Rabi,21.5,151.9,60.6,13.8
Karnataka,Belagavi,2016,Whole Year,25.9,1091.7,66.6,20.0
Karnataka,Belagavi,2017,Kharif,28.2,855.3,76.0,29.2
Karnataka,Belagavi,2017,Rabi,20.7,114.5,61.2,14.0
Karnataka,Belagavi,2017,Whole Year,25.5,1007.3,67.4,20.0
Karnataka,Belagavi,2018,Kharif,29.1,1078.6,75.5,32.1
Karnataka,Belagavi,2018,Rabi,20.9,136.3,62.4,12.4
Karnataka,Belagavi,2018,Whole Year,26.2,1260.9,68.1,20.6
Karnataka,Belagavi,2019,Kharif,28.6,978.0,74.9,29.6
Karnataka,Belagavi,2019,Rabi,21.1,164.8,59.1,15.5
Karnataka,Belagavi,2019,Whole Year,25.8,1184.2,65.8,20.4
Karnataka,Belagavi,2020,Kharif,28.9,1113.1,72.9,32.3
Karnataka,Belagavi,2020,Rabi,20.4,154.2,60.5,15.0
Karnataka,Belagavi,2020,Whole Year,25.8,1310.2,65.7,21.7
Karnataka,Belagavi,2021,Kharif,28.6,852.3,75.6,27.2
Karnataka,Belagavi,2021,Rabi,21.3,141.3,59.9,12.6
Karnataka,Belagavi,2021,Whole Year,26.1,1017.8,66.6,18.6
Karnataka,Belagavi,2022,Kharif,29.1,1148.6,78.0,33.8
Karnataka,Belagavi,2022,Rabi,20.5,133.7,61.6,11.7
Karnataka,Belagavi,2022,Whole Year,26.0,1331.7,68.1,20.5
Karnataka,Belagavi,2023,Kharif,28.7,1083.3,78.4,32.4
Karnataka,Belagavi,2023,Rabi,21.4,140.7,62.1,11.4
Karnataka,Belagavi,2023,Whole Year,26.1,1256.5,69.0,20.4
Karnataka,Mysuru,2015,Kharif,29.6,1099.4,76.4,32.0
Karnataka,Mysuru,2015,Rabi,20.9,151.4,61.6,14.6
Karnataka,Mysuru,2015,Whole Year,26.3,1280.8,67.9,21.1
Karnataka,Mysuru,2016,Kharif,29.0,1077.5,77.4,32.0
Karnataka,Mysuru,2016,Rabi,20.3,124.7,58.2,12.0
Karnataka,Mysuru,2016,Whole Year,25.8,1231.5,66.5,20.2
Karnataka,Mysuru,2017,Kharif,28.8,969.9,76.9,31.3
Karnataka,Mysuru,2017,Rabi,20.7,145.0,60.3,10.4
Karnataka,Mysuru,2017,Whole Year,25.8,1142.5,66.7,19.2
Karnataka,Mysuru,2018,Kharif,28.7,1033.3,76.3,29.6
Karnataka,Mysuru,2018,Rabi,20.6,160.2,61.2,13.2
Karnataka,Mysuru,2018,Whole Year,25.7,1215.9,67.0,20.4
Karnataka,Mysuru,2019,Kharif,28.4,839.1,73.0,24.5
Karnataka,Mysuru,2019,Rabi,20.5,171.2,58.4,14.6
Karnataka,Mysuru,2019,Whole Year,25.7,1039.5,65.1,18.6
Karnataka,Mysuru,2020,Kharif,29.0,1015.8,75.5,31.6
Karnataka,Mysuru,2020,Rabi,21.4,130.2,63.0,13.3
Karnataka,Mysuru,2020,Whole Year,26.3,1162.7,67.4,20.6
Karnataka,Mysuru,2021,Kharif,28.5,1147.0,76.7,34.7
Karnataka,Mysuru,2021,Rabi,20.5,143.8,59.1,13.1
Karnataka,Mysuru,2021,Whole Year,25.6,1334.2,67.1,21.9
Karnataka,Mysuru,2022,Kharif,29.4,928.1,77.1,29.3
Karnataka,Mysuru,2022,Rabi,21.5,143.7,60.3,13.3
Karnataka,Mysuru,2022,Whole Year,26.5,1098.8,67.1,19.5
Karnataka,Mysuru,2023,Kharif,28.8,1031.2,76.5,29.5
Karnataka,Mysuru,2023,Rabi,20.4,143.2,61.1,11.3
Karnataka,Mysuru,2023,Whole Year,25.6,1203.5,67.0,19.0
Karnataka,Raichur,2015,Kharif,29.5,1065.0,79.2,31.5
Karnataka,Raichur,2015,Rabi,20.7,119.9,61.0,10.9
Karnataka,Raichur,2015,Whole Year,26.1,1216.8,68.0,20.0
Karnataka,Raichur,2016,Kharif,29.3,846.5,77.5,27.3
Karnataka,Raichur,2016,Rabi,21.0,139.2,58.1,10.2
Karnataka,Raichur,2016,Whole Year,26.3,1031.5,66.7,18.3
Karnataka,Raichur,2017,Kharif,29.0,843.9,78.0,26.3
Karnataka,Raichur,2017,Rabi,20.7,171.9,59.7,12.6
Karnataka,Raichur,2017,Whole Year,26.0,1041.4,66.9,18.0
Karnataka,Raichur,2018,Kharif,28.7,1019.1,75.9,29.4
Karnataka,Raichur,2018,Rabi,20.8,134.0,59.3,11.4
Karnataka,Raichur,2018,Whole Year,25.9,1168.6,66.3,19.0
Karnataka,Raichur,2019,Kharif,29.3,912.8,77.7,27.6
Karnataka,Raichur,2019,Rabi,21.1,149.7,61.0,12.8
Karnataka,Raichur,2019,Whole Year,26.3,1088.4,67.3,19.1
Karnataka,Raichur,2020,Kharif,29.0,1100.7,74.5,30.3
Karnataka,Raichur,2020,Rabi,20.5,123.6,62.7,11.7
Karnataka,Raichur,2020,Whole Year,26.1,1264.1,67.0,19.9
Karnataka,Raichur,2021,Kharif,28.9,848.0,76.6,27.6
Karnataka,Raichur,2021,Rabi,20.9,151.9,61.3,10.7
Karnataka,Raichur,2021,Whole Year,26.2,1041.0,67.1,18.0
Karnataka,Raichur,2022,Kharif,29.5,976.6,75.2,29.7
Karnataka,Raichur,2022,Rabi,21.4,132.2,61.3,13.4
Karnataka,Raichur,2022,Whole Year,26.5,1131.0,66.3,20.1
Karnataka,Raichur,2023,Kharif,28.9,921.8,76.6,28.8
Karnataka,Raichur,2023,Rabi,20.7,141.4,61.2,12.8
Karnataka,Raichur,2023,Whole Year,25.9,1102.6,67.7,18.8
Karnataka,Davanagere,2015,Kharif,29.0,1164.4,77.0,33.6
Karnataka,Davanagere,2015,Rabi,20.9,180.3,60.6,13.2
Karnataka,Davanagere,2015,Whole Year,26.0,1371.8,67.1,21.3
Karnataka,Davanagere,2016,Kharif,29.2,1018.4,77.1,29.4
Karnataka,Davanagere,2016,Rabi,21.7,141.3,58.3,13.5
Karnataka,Davanagere,2016,Whole Year,26.5,1181.8,66.3,19.7
Karnataka,Davanagere,2017,Kharif,28.9,950.6,76.1,30.0
Karnataka,Davanagere,2017,Rabi,20.3,119.0,57.7,12.2
Karnataka,Davanagere,2017,Whole Year,25.8,1099.0,65.3,19.8
Karnataka,Davanagere,2018,Kharif,29.0,1117.7,75.2,31.3
Karnataka,Davanagere,2018,Rabi,20.6,124.5,59.2,12.9
Karnataka,Davanagere,2018,Whole Year,25.9,1275.8,66.2,20.1
Karnataka,Davanagere,2019,Kharif,29.5,925.1,75.6,30.5
Karnataka,Davanagere,2019,Rabi,20.3,139.6,59.0,12.3
Karnataka,Davanagere,2019,Whole Year,26.0,1104.4,65.9,20.4
Karnataka,Davanagere,2020,Kharif,29.1,884.6,75.5,27.2
Karnataka,Davanagere,2020,Rabi,21.0,121.6,59.3,13.5
Karnataka,Davanagere,2020,Whole Year,26.2,1042.1,66.1,18.8
Karnataka,Davanagere,2021,Kharif,28.7,1102.5,76.1,32.4
Karnataka,Davanagere,2021,Rabi,20.8,105.6,59.1,12.5
Karnataka,Davanagere,2021,Whole Year,25.9,1249.6,66.0,20.6
Karnataka,Davanagere,2022,Kharif,29.9,931.0,75.8,29.0
Karnataka,Davanagere,2022,Rabi,21.0,130.5,60.6,14.5
Karnataka,Davanagere,2022,Whole Year,26.5,1083.2,66.4,19.9
Karnataka,Davanagere,2023,Kharif,29.4,857.3,74.5,26.1
Karnataka,Davanagere,2023,Rabi,20.8,85.4,58.4,11.8
Karnataka,Davanagere,2023,Whole Year,26.1,978.6,65.0,18.2
Tamil Nadu,Thanjavur,2015,Kharif,30.9,1049.7,81.4,32.4
Tamil Nadu,Thanjavur,2015,Rabi,22.8,96.8,62.2,11.3
Tamil Nadu,Thanjavur,2015,Whole Year,27.9,1188.3,70.8,20.5
Tamil Nadu,Thanjavur,2016,Kharif,31.7,1028.9,78.1,31.3
Tamil Nadu,Thanjavur,2016,Rabi,22.8,101.8,63.5,13.2
Tamil Nadu,Thanjavur,2016,Whole Year,28.3,1175.1,69.9,20.2
Tamil Nadu,Thanjavur,2017,Kharif,31.4,1009.6,81.5,30.7
Tamil Nadu,Thanjavur,2017,Rabi,22.6,150.8,64.6,15.5
Tamil Nadu,Thanjavur,2017,Whole Year,28.1,1199.8,72.1,21.7
Tamil Nadu,Thanjavur,2018,Kharif,31.1,1134.4,82.3,32.7
Tamil Nadu,Thanjavur,2018,Rabi,23.3,153.4,63.0,15.0
Tamil Nadu,Thanjavur,2018,Whole Year,28.2,1310.0,71.6,22.0
Tamil Nadu,Thanjavur,2019,Kharif,31.6,1089.8,79.8,32.6
Tamil Nadu,Thanjavur,2019,Rabi,23.1,126.7,66.5,12.5
Tamil Nadu,Thanjavur,2019,Whole Year,28.4,1248.1,71.8,21.2
Tamil Nadu,Thanjavur,2020,Kharif,31.0,1109.3,80.0,31.0
Tamil Nadu,Thanjavur,2020,Rabi,22.7,125.2,64.9,12.6
Tamil Nadu,Thanjavur,2020,Whole Year,27.9,1263.0,71.4,19.9
Tamil Nadu,Thanjavur,2021,Kharif,30.7,1033.0,81.2,31.8
Tamil Nadu,Thanjavur,2021,Rabi,23.0,183.1,64.2,12.1
Tamil Nadu,Thanjavur,2021,Whole Year,27.9,1247.9,71.6,20.4
Tamil Nadu,Thanjavur,2022,Kharif,31.2,1210.3,79.0,34.0
Tamil Nadu,Thanjavur,2022,Rabi,23.5,117.8,64.9,13.5
Tamil Nadu,Thanjavur,2022,Whole Year,28.3,1354.4,71.3,21.8
Tamil Nadu,Thanjavur,2023,Kharif,31.0,1117.6,81.0,32.3
Tamil Nadu,Thanjavur,2023,Rabi,22.0,91.7,64.0,10.2
Tamil Nadu,Thanjavur,2023,Whole Year,27.6,1248.1,70.8,19.8
Tamil Nadu,Coimbatore,2015,Kharif,30.4,1050.7,80.1,31.8
Tamil Nadu,Coimbatore,2015,Rabi,23.1,151.5,64.7,12.7
Tamil Nadu,Coimbatore,2015,Whole Year,27.9,1232.5,71.4,20.7
Tamil Nadu,Coimbatore,2016,Kharif,31.1,814.8,82.1,28.8
Tamil Nadu,Coimbatore,2016,Rabi,22.1,169.4,66.4,15.2
Tamil Nadu,Coimbatore,2016,Whole Year,27.8,1009.3,72.3,20.7
Tamil Nadu,Coimbatore,2017,Kharif,30.6,1010.5,79.4,31.9
Tamil Nadu,Coimbatore,2017,Rabi,22.9,134.5,65.5,11.5
Tamil Nadu,Coimbatore,2017,Whole Year,27.9,1189.3,71.0,19.6
Tamil Nadu,Coimbatore,2018,Kharif,30.8,1068.3,82.9,30.5
Tamil Nadu,Coimbatore,2018,Rabi,22.8,119.2,66.1,11.6
Tamil Nadu,Coimbatore,2018,Whole Year,27.9,1219.0,73.2,19.3
Tamil Nadu,Coimbatore,2019,Kharif,30.8,810.9,80.8,27.6
Tamil Nadu,Coimbatore,2019,Rabi,22.4,154.6,64.6,11.2
Tamil Nadu,Coimbatore,2019,Whole Year,27.9,1012.8,72.0,18.4
Tamil Nadu,Coimbatore,2020,Kharif,31.5,1277.8,78.8,36.7
Tamil Nadu,Coimbatore,2020,Rabi,23.2,126.7,68.4,12.1
Tamil Nadu,Coimbatore,2020,Whole Year,28.4,1457.2,71.8,22.7
Tamil Nadu,Coimbatore,2021,Kharif,30.8,1133.2,81.1,31.8
Tamil Nadu,Coimbatore,2021,Rabi,23.3,136.2,64.0,14.5
Tamil Nadu,Coimbatore,2021,Whole Year,28.0,1285.4,71.8,20.9
Tamil Nadu,Coimbatore,2022,Kharif,31.3,1111.2,79.8,33.1
Tamil Nadu,Coimbatore,2022,Rabi,22.9,164.9,65.9,14.3
Tamil Nadu,Coimbatore,2022,Whole Year,28.0,1292.3,71.9,20.8
Tamil Nadu,Coimbatore,2023,Kharif,30.6,933.3,79.3,26.8
Tamil Nadu,Coimbatore,2023,Rabi,22.6,166.9,64.4,11.4
Tamil Nadu,Coimbatore,2023,Whole Year,27.8,1147.7,71.1,18.4
Tamil Nadu,Salem,2015,Kharif,31.6,962.6,82.1,29.2
Tamil Nadu,Salem,2015,Rabi,23.0,147.8,64.9,11.2
Tamil Nadu,Salem,2015,Whole Year,28.4,1129.4,71.8,18.9
Tamil Nadu,Salem,2016,Kharif,30.7,1047.6,81.0,31.0
Tamil Nadu,Salem,2016,Rabi,23.7,140.9,65.4,10.9
Tamil Nadu,Salem,2016,Whole Year,28.3,1221.9,71.6,19.3
Tamil Nadu,Salem,2017,Kharif,31.0,1113.2,81.3,31.4
Tamil Nadu,Salem,2017,Rabi,23.0,136.8,64.0,12.5
Tamil Nadu,Salem,2017,Whole Year,28.1,1277.6,71.6,20.0
Tamil Nadu,Salem,2018,Kharif,30.7,892.7,82.5,29.6
Tamil Nadu,Salem,2018,Rabi,23.0,172.6,66.3,14.6
Tamil Nadu,Salem,2018,Whole Year,27.8,1089.8,72.3,20.1
Tamil Nadu,Salem,2019,Kharif,30.8,869.2,80.5,28.3
Tamil Nadu,Salem,2019,Rabi,21.8,85.9,64.3,10.7
Tamil Nadu,Salem,2019,Whole Year,27.6,978.6,71.3,18.5
Tamil Nadu,Salem,2020,Kharif,31.1,1042.3,80.3,30.5
Tamil Nadu,Salem,2020,Rabi,22.2,140.9,64.7,12.0
Tamil Nadu,Salem,2020,Whole Year,27.8,1211.6,71.4,19.6
Tamil Nadu,Salem,2021,Kharif,31.2,1210.0,82.2,36.4
Tamil Nadu,Salem,2021,Rabi,22.7,167.2,64.9,13.2
Tamil Nadu,Salem,2021,Whole Year,28.0,1411.8,72.4,23.3
Tamil Nadu,Salem,2022,Kharif,31.0,938.5,79.3,28.4
Tamil Nadu,Salem,2022,Rabi,23.1,107.7,64.5,12.1
Tamil Nadu,Salem,2022,Whole Year,28.2,1089.2,70.9,18.4
Tamil Nadu,Salem,2023,Kharif,31.1,1025.8,79.0,31.5
Tamil Nadu,Salem,2023,Rabi,22.2,176.3,68.5,14.4
Tamil Nadu,Salem,2023,Whole Year,27.9,1235.1,72.3,20.7
Tamil Nadu,Erode,2015,Kharif,30.6,1025.4,82.1,29.5
Tamil Nadu,Erode,2015,Rabi,23.0,143.8,61.8,15.1
Tamil Nadu,Erode,2015,Whole Year,27.9,1190.7,70.2,20.2
Tamil Nadu,Erode,2016,Kharif,31.0,1006.2,79.9,30.7
Tamil Nadu,Erode,2016,Rabi,22.6,164.4,65.2,13.2
Tamil Nadu,Erode,2016,Whole Year,27.8,1220.6,71.1,20.4
Tamil Nadu,Erode,2017,Kharif,31.4,1091.2,82.6,31.5
Tamil Nadu,Erode,2017,Rabi,23.4,122.5,62.8,8.5
Tamil Nadu,Erode,2017,Whole Year,28.4,1242.7,70.9,18.3
Tamil Nadu,Erode,2018,Kharif,31.4,1021.2,82.4,30.4
Tamil Nadu,Erode,2018,Rabi,23.2,125.9,65.8,13.4
Tamil Nadu,Erode,2018,Whole Year,28.3,1166.4,73.1,20.4
Tamil Nadu,Erode,2019,Kharif,30.9,1110.6,81.9,31.9
Tamil Nadu,Erode,2019,Rabi,22.9,152.7,63.0,11.4
Tamil Nadu,Erode,2019,Whole Year,27.9,1297.8,71.0,20.0
Tamil Nadu,Erode,2020,Kharif,30.7,1013.1,80.3,28.3
Tamil Nadu,Erode,2020,Rabi,22.4,166.3,66.0,13.3
Tamil Nadu,Erode,2020,Whole Year,27.6,1210.6,72.2,19.0
Tamil Nadu,Erode,2021,Kharif,31.4,1075.3,81.2,31.9
Tamil Nadu,Erode,2021,Rabi,22.8,166.9,63.3,12.6
Tamil Nadu,Erode,2021,Whole Year,28.2,1261.0,71.4,21.0
Tamil Nadu,Erode,2022,Kharif,31.2,952.2,81.1,28.4
Tamil Nadu,Erode,2022,Rabi,23.2,115.1,65.9,10.5
Tamil Nadu,Erode,2022,Whole Year,28.2,1117.0,72.0,18.5
Tamil Nadu,Erode,2023,Kharif,31.2,967.7,79.9,27.7
Tamil Nadu,Erode,2023,Rabi,22.5,141.4,66.9,14.3
Tamil Nadu,Erode,2023,Whole Year,28.1,1155.1,72.1,19.4
West Bengal,Bardhaman,2015,Kharif,30.4,1678.2,85.3,39.4
West Bengal,Bardhaman,2015,Rabi,21.6,212.9,70.0,14.4
West Bengal,Bardhaman,2015,Whole Year,27.2,1942.4,75.9,24.6
West Bengal,Bardhaman,2016,Kharif,29.9,1528.8,86.3,38.4
West Bengal,Bardhaman,2016,Rabi,21.5,265.6,69.1,16.7
West Bengal,Bardhaman,2016,Whole Year,27.0,1840.9,76.6,24.9
West Bengal,Bardhaman,2017,Kharif,29.8,1427.1,85.4,36.6
West Bengal,Bardhaman,2017,Rabi,21.5,260.8,69.7,15.7
West Bengal,Bardhaman,2017,Whole Year,26.6,1732.9,76.2,23.8
West Bengal,Bardhaman,2018,Kharif,30.1,1722.0,85.1,38.6
West Bengal,Bardhaman,2018,Rabi,21.9,261.6,69.3,15.3
West Bengal,Bardhaman,2018,Whole Year,27.1,2038.1,75.7,24.5
West Bengal,Bardhaman,2019,Kharif,30.6,1669.8,85.6,39.1
West Bengal,Bardhaman,2019,Rabi,21.7,219.3,70.4,15.6
West Bengal,Bardhaman,2019,Whole Year,27.3,1957.6,76.7,25.6
West Bengal,Bardhaman,2020,Kharif,30.6,1411.4,85.8,35.1
West Bengal,Bardhaman,2020,Rabi,21.1,241.5,69.5,15.0
West Bengal,Bardhaman,2020,Whole Year,26.8,1713.7,76.5,23.2
West Bengal,Bardhaman,2021,Kharif,30.2,1590.8,86.4,37.3
West Bengal,Bardhaman,2021,Rabi,22.5,157.3,70.4,12.2
West Bengal,Bardhaman,2021,Whole Year,27.4,1828.1,76.6,23.8
West Bengal,Bardhaman,2022,Kharif,30.1,1575.3,87.7,38.8
West Bengal,Bardhaman,2022,Rabi,21.6,177.6,69.3,14.1
West Bengal,Bardhaman,2022,Whole Year,27.0,1808.9,77.3,24.0
West Bengal,Bardhaman,2023,Kharif,29.5,1828.9,86.7,39.4
West Bengal,Bardhaman,2023,Rabi,22.3,274.2,70.7,16.8
West Bengal,Bardhaman,2023,Whole Year,27.0,2137.1,77.5,25.4
West Bengal,Hooghly,2015,Kharif,30.0,1605.5,87.2,38.6
West Bengal,Hooghly,2015,Rabi,22.1,195.5,70.0,14.2
West Bengal,Hooghly,2015,Whole Year,27.0,1841.7,77.5,23.9
West Bengal,Hooghly,2016,Kharif,29.6,1549.5,85.7,35.1
West Bengal,Hooghly,2016,Rabi,21.8,207.3,70.0,14.6
West Bengal,Hooghly,2016,Whole Year,26.6,1800.7,76.4,22.7
West Bengal,Hooghly,2017,Kharif,30.2,1582.5,84.9,36.1
West Bengal,Hooghly,2017,Rabi,21.9,238.5,66.9,14.4
West Bengal,Hooghly,2017,Whole Year,27.3,1863.4,74.8,23.6
West Bengal,Hooghly,2018,Kharif,30.1,1938.1,86.1,39.9
West Bengal,Hooghly,2018,Rabi,21.8,209.0,70.6,14.0
West Bengal,Hooghly,2018,Whole Year,27.0,2186.5,77.5,24.0
West Bengal,Hooghly,2019,Kharif,30.3,1636.8,84.3,36.9
West Bengal,Hooghly,2019,Rabi,21.6,180.9,72.9,15.7
West Bengal,Hooghly,2019,Whole Year,27.0,1884.4,77.8,24.3
West Bengal,Hooghly,2020,Kharif,30.2,1370.5,85.5,34.9
West Bengal,Hooghly,2020,Rabi,21.7,309.5,70.0,13.4
West Bengal,Hooghly,2020,Whole Year,27.2,1729.1,76.8,22.4
West Bengal,Hooghly,2021,Kharif,29.9,1813.5,86.5,39.2
West Bengal,Hooghly,2021,Rabi,22.4,230.0,68.8,12.7
West Bengal,Hooghly,2021,Whole Year,27.3,2095.0,76.9,24.3
West Bengal,Hooghly,2022,Kharif,30.1,1615.1,84.7,36.9
West Bengal,Hooghly,2022,Rabi,20.9,214.8,70.2,15.9
West Bengal,Hooghly,2022,Whole Year,26.8,1882.2,75.9,24.4
West Bengal,Hooghly,2023,Kharif,30.3,1459.6,84.8,37.9
West Bengal,Hooghly,2023,Rabi,21.3,275.0,71.3,15.2
West Bengal,Hooghly,2023,Whole Year,26.8,1756.8,76.2,24.0
West Bengal,Murshidabad,2015,Kharif,30.4,1503.5,87.4,37.5
West Bengal,Murshidabad,2015,Rabi,22.3,245.4,70.1,13.1
West Bengal,Murshidabad,2015,Whole Year,27.5,1778.9,76.9,23.5
West Bengal,Murshidabad,2016,Kharif,29.6,1660.4,84.3,38.1
West Bengal,Murshidabad,2016,Rabi,21.6,243.8,66.9,14.6
West Bengal,Murshidabad,2016,Whole Year,26.8,1947.7,74.2,23.8
West Bengal,Murshidabad,2017,Kharif,30.8,1553.3,85.1,37.5
West Bengal,Murshidabad,2017,Rabi,22.1,210.4,71.8,16.6
West Bengal,Murshidabad,2017,Whole Year,27.3,1810.7,77.2,24.2
West Bengal,Murshidabad,2018,Kharif,29.5,1648.7,85.2,39.0
West Bengal,Murshidabad,2018,Rabi,22.6,230.5,73.7,15.7
West Bengal,Murshidabad,2018,Whole Year,27.1,1932.3,78.0,25.2
West Bengal,Murshidabad,2019,Kharif,29.6,1493.9,86.5,40.5
West Bengal,Murshidabad,2019,Rabi,21.4,214.8,69.3,14.4
West Bengal,Murshidabad,2019,Whole Year,26.5,1744.4,76.8,25.0
West Bengal,Murshidabad,2020,Kharif,30.0,1259.2,85.0,35.8
West Bengal,Murshidabad,2020,Rabi,22.0,209.1,68.8,13.1
West Bengal,Murshidabad,2020,Whole Year,26.9,1520.4,75.4,22.5
West Bengal,Murshidabad,2021,Kharif,29.9,1723.9,86.5,39.0
West Bengal,Murshidabad,2021,Rabi,21.7,261.1,71.8,17.3
West Bengal,Murshidabad,2021,Whole Year,26.9,2033.2,77.1,25.6
West Bengal,Murshidabad,2022,Kharif,29.9,1830.1,87.6,39.3
West Bengal,Murshidabad,2022,Rabi,22.5,243.8,72.6,13.3
West Bengal,Murshidabad,2022,Whole Year,27.4,2099.6,78.3,24.1
West Bengal,Murshidabad,2023,Kharif,29.7,1884.8,84.4,40.3
West Bengal,Murshidabad,2023,Rabi,21.1,232.7,68.6,14.8
West Bengal,Murshidabad,2023,Whole Year,26.5,2178.7,75.0,25.1
West Bengal,Nadia,2015,Kharif,30.1,1682.6,86.1,37.2
West Bengal,Nadia,2015,Rabi,21.1,205.3,70.3,14.2
West Bengal,Nadia,2015,Whole Year,26.9,1949.4,76.5,23.9
West Bengal,Nadia,2016,Kharif,30.4,1433.6,85.0,36.0
West Bengal,Nadia,2016,Rabi,21.7,213.2,69.9,14.9
West Bengal,Nadia,2016,Whole Year,27.0,1693.1,76.5,22.6
West Bengal,Nadia,2017,Kharif,29.3,1596.1,87.6,37.5
West Bengal,Nadia,2017,Rabi,21.4,201.6,70.0,12.9
West Bengal,Nadia,2017,Whole Year,26.7,1876.6,77.1,23.7
West Bengal,Nadia,2018,Kharif,30.8,1837.3,82.7,38.3
West Bengal,Nadia,2018,Rabi,21.4,260.0,69.2,14.6
West Bengal,Nadia,2018,Whole Year,27.0,2177.6,75.2,23.8
West Bengal,Nadia,2019,Kharif,30.2,1849.3,86.2,39.7
West Bengal,Nadia,2019,Rabi,21.8,249.9,72.4,13.8
West Bengal,Nadia,2019,Whole Year,27.1,2159.5,78.1,24.3
West Bengal,Nadia,2020,Kharif,29.5,1592.7,87.7,39.0
West Bengal,Nadia,2020,Rabi,21.8,182.8,69.9,14.4
West Bengal,Nadia,2020,Whole Year,27.0,1837.2,78.0,24.1
West Bengal,Nadia,2021,Kharif,29.5,1506.4,85.8,37.8
West Bengal,Nadia,2021,Rabi,22.0,258.3,69.2,14.1
West Bengal,Nadia,2021,Whole Year,26.8,1801.8,75.8,23.3
West Bengal,Nadia,2022,Kharif,30.2,1421.1,86.1,38.8
West Bengal,Nadia,2022,Rabi,21.8,244.0,68.4,13.7
West Bengal,Nadia,2022,Whole Year,26.9,1697.5,76.3,24.0
West Bengal,Nadia,2023,Kharif,29.5,1818.1,87.2,39.5
West Bengal,Nadia,2023,Rabi,22.5,227.3,71.8,13.7
West Bengal,Nadia,2023,Whole Year,27.1,2118.7,77.2,24.2
Bihar,Rohtas,2015,Kharif,28.9,1431.3,77.7,37.7
Bihar,Rohtas,2015,Rabi,20.1,187.8,63.7,13.9
Bihar,Rohtas,2015,Whole Year,25.8,1654.2,69.0,23.2
Bihar,Rohtas,2016,Kharif,29.0,1338.8,80.1,37.7
Bihar,Rohtas,2016,Rabi,21.2,177.9,62.0,11.8
Bihar,Rohtas,2016,Whole Year,26.2,1570.8,69.6,22.6
Bihar,Rohtas,2017,Kharif,29.2,1235.5,80.0,34.7
Bihar,Rohtas,2017,Rabi,21.1,149.1,62.5,12.1
Bihar,Rohtas,2017,Whole Year,26.2,1417.0,69.9,21.6
Bihar,Rohtas,2018,Kharif,28.5,1298.3,78.7,35.5
Bihar,Rohtas,2018,Rabi,20.7,199.4,63.5,13.6
Bihar,Rohtas,2018,Whole Year,25.7,1522.4,69.5,22.8
Bihar,Rohtas,2019,Kharif,29.6,1430.1,78.3,36.9
Bihar,Rohtas,2019,Rabi,20.6,211.6,63.3,14.3
Bihar,Rohtas,2019,Whole Year,26.1,1701.7,69.9,23.0
Bihar,Rohtas,2020,Kharif,29.2,1152.5,79.9,30.6
Bihar,Rohtas,2020,Rabi,21.1,236.0,62.6,13.2
Bihar,Rohtas,2020,Whole Year,26.1,1435.6,69.7,20.2
Bihar,Rohtas,2021,Kharif,28.7,1422.2,76.3,36.6
Bihar,Rohtas,2021,Rabi,21.7,204.7,63.5,15.6
Bihar,Rohtas,2021,Whole Year,26.3,1663.8,69.2,22.9
Bihar,Rohtas,2022,Kharif,28.9,1140.5,79.3,34.3
Bihar,Rohtas,2022,Rabi,20.4,193.7,61.3,14.7
Bihar,Rohtas,2022,Whole Year,25.6,1371.3,68.7,21.9
Bihar,Rohtas,2023,Kharif,29.0,1195.7,79.1,34.5
Bihar,Rohtas,2023,Rabi,20.4,171.4,61.2,14.0
Bihar,Rohtas,2023,Whole Year,25.8,1433.5,69.6,22.1
Bihar,Patna,2015,Kharif,28.8,1532.3,80.0,37.4
Bihar,Patna,2015,Rabi,20.1,172.1,61.5,13.5
Bihar,Patna,2015,Whole Year,25.7,1743.1,68.7,23.4
Bihar,Patna,2016,Kharif,28.3,1264.7,80.5,33.3
Bihar,Patna,2016,Rabi,21.3,169.8,62.8,14.6
Bihar,Patna,2016,Whole Year,26.1,1474.3,70.2,21.9
Bihar,Patna,2017,Kharif,29.1,1280.8,76.6,35.2
Bihar,Patna,2017,Rabi,20.9,193.2,62.7,11.8
Bihar,Patna,2017,Whole Year,26.1,1523.2,68.4,21.7
Bihar,Patna,2018,Kharif,28.9,1154.9,79.8,30.6
Bihar,Patna,2018,Rabi,20.6,187.4,61.8,12.5
Bihar,Patna,2018,Whole Year,25.9,1372.2,69.6,20.2
Bihar,Patna,2019,Kharif,29.0,993.9,76.7,29.1
Bihar,Patna,2019,Rabi,20.1,164.7,63.4,10.8
Bihar,Patna,2019,Whole Year,25.7,1197.7,68.5,19.4
Bihar,Patna,2020,Kharif,28.3,1208.6,79.0,34.8
Bihar,Patna,2020,Rabi,21.5,173.5,62.7,13.0
Bihar,Patna,2020,Whole Year,26.1,1414.6,69.7,21.8
Bihar,Patna,2021,Kharif,29.4,1273.8,79.3,33.3
Bihar,Patna,2021,Rabi,21.1,195.9,62.2,13.8
Bihar,Patna,2021,Whole Year,26.3,1522.2,69.6,22.1
Bihar,Patna,2022,Kharif,29.1,1605.9,81.2,40.1
Bihar,Patna,2022,Rabi,21.1,217.6,62.5,13.5
Bihar,Patna,2022,Whole Year,26.1,1860.1,71.0,24.3
Bihar,Patna,2023,Kharif,28.9,1522.8,78.4,37.6
Bihar,Patna,2023,Rabi,20.6,175.0,63.7,14.7
Bihar,Patna,2023,Whole Year,25.8,1743.4,69.8,24.3
Bihar,Gaya,2015,Kharif,28.3,1281.3,79.2,33.4
Bihar,Gaya,2015,Rabi,20.9,197.0,64.8,14.5
Bihar,Gaya,2015,Whole Year,25.6,1528.3,70.3,22.3
Bihar,Gaya,2016,Kharif,29.4,1468.1,80.6,36.9
Bihar,Gaya,2016,Rabi,20.8,176.3,62.5,14.6
Bihar,Gaya,2016,Whole Year,26.2,1681.8,70.0,23.4
Bihar,Gaya,2017,Kharif,28.4,1449.9,80.0,36.4
Bihar,Gaya,2017,Rabi,20.8,139.8,64.6,11.9
Bihar,Gaya,2017,Whole Year,25.8,1629.0,71.3,22.5
Bihar,Gaya,2018,Kharif,29.2,1416.1,77.8,37.4
Bihar,Gaya,2018,Rabi,21.2,204.3,60.4,12.9
Bihar,Gaya,2018,Whole Year,26.3,1662.4,67.6,23.2
Bihar,Gaya,2019,Kharif,28.5,1432.2,78.7,36.2
Bihar,Gaya,2019,Rabi,20.6,159.6,62.3,11.4
Bihar,Gaya,2019,Whole Year,25.6,1630.9,69.5,21.3
Bihar,Gaya,2020,Kharif,29.2,1289.4,79.2,36.0
Bihar,Gaya,2020,Rabi,20.5,214.0,62.6,15.5
Bihar,Gaya,2020,Whole Year,26.1,1530.9,69.8,23.5
Bihar,Gaya,2021,Kharif,28.7,1243.5,77.1,35.2
Bihar,Gaya,2021,Rabi,20.8,183.2,65.4,11.0
Bihar,Gaya,2021,Whole Year,25.9,1474.9,69.6,21.5
Bihar,Gaya,2022,Kharif,28.7,1252.4,80.8,34.9
Bihar,Gaya,2022,Rabi,20.5,153.7,62.6,12.6
Bihar,Gaya,2022,Whole Year,25.9,1454.5,70.2,21.7
Bihar,Gaya,2023,Kharif,29.1,1253.1,80.6,34.8
Bihar,Gaya,2023,Rabi,21.4,192.6,62.8,15.1
Bihar,Gaya,2023,Whole Year,26.2,1461.8,70.4,22.2
Bihar,Muzaffarpur,2015,Kharif,29.2,1540.0,80.6,38.9
Bihar,Muzaffarpur,2015,Rabi,20.8,204.4,61.6,12.0
Bihar,Muzaffarpur,2015,Whole Year,26.2,1774.6,69.6,22.8
Bihar,Muzaffarpur,2016,Kharif,28.6,1429.1,81.7,38.7
Bihar,Muzaffarpur,2016,Rabi,20.9,165.9,63.6,12.8
Bihar,Muzaffarpur,2016,Whole Year,25.7,1633.9,71.6,23.6
Bihar,Muzaffarpur,2017,Kharif,28.1,1165.0,78.0,33.5
Bihar,Muzaffarpur,2017,Rabi,21.1,142.7,64.4,12.1
Bihar,Muzaffarpur,2017,Whole Year,25.7,1358.0,69.7,20.9
Bihar,Muzaffarpur,2018,Kharif,29.8,1042.9,78.4,29.1
Bihar,Muzaffarpur,2018,Rabi,20.9,164.1,64.1,11.8
Bihar,Muzaffarpur,2018,Whole Year,26.5,1238.0,70.1,19.1
Bihar,Muzaffarpur,2019,Kharif,29.3,1296.5,78.9,35.8
Bihar,Muzaffarpur,2019,Rabi,20.5,124.8,62.4,12.4
Bihar,Muzaffarpur,2019,Whole Year,25.9,1460.5,69.6,22.7
Bihar,Muzaffarpur,2020,Kharif,29.7,1189.6,80.2,33.0
Bihar,Muzaffarpur,2020,Rabi,21.1,188.3,62.4,13.9
Bihar,Muzaffarpur,2020,Whole Year,26.4,1430.2,70.3,22.0
Bihar,Muzaffarpur,2021,Kharif,29.4,1462.8,78.5,37.6
Bihar,Muzaffarpur,2021,Rabi,20.3,205.5,62.6,15.3
Bihar,Muzaffarpur,2021,Whole Year,26.1,1714.8,69.7,24.4
Bihar,Muzaffarpur,2022,Kharif,29.6,1404.8,79.1,36.7
Bihar,Muzaffarpur,2022,Rabi,20.9,161.8,62.3,11.9
Bihar,Muzaffarpur,2022,Whole Year,26.4,1584.9,69.7,22.0
Bihar,Muzaffarpur,2023,Kharif,29.6,1279.2,77.6,34.6
Bihar,Muzaffarpur,2023,Rabi,21.1,211.3,62.7,15.3
Bihar,Muzaffarpur,2023,Whole Year,26.2,1510.6,69.1,23.0
Andhra Pradesh,Krishna,2015,Kharif,31.1,1237.4,74.7,34.4
Andhra Pradesh,Krishna,2015,Rabi,22.6,98.1,61.0,12.7
Andhra Pradesh,Krishna,2015,Whole Year,28.1,1388.2,66.3,21.8
Andhra Pradesh,Krishna,2016,Kharif,31.3,1175.8,78.2,30.9
Andhra Pradesh,Krishna,2016,Rabi,22.7,144.5,60.6,12.4
Andhra Pradesh,Krishna,2016,Whole Year,28.0,1349.0,68.2,19.8
Andhra Pradesh,Krishna,2017,Kharif,30.8,1034.4,75.4,31.3
Andhra Pradesh,Krishna,2017,Rabi,22.8,119.6,62.7,13.7
Andhra Pradesh,Krishna,2017,Whole Year,28.0,1189.8,67.9,20.8
Andhra Pradesh,Krishna,2018,Kharif,30.7,1121.5,76.7,31.7
Andhra Pradesh,Krishna,2018,Rabi,21.8,103.6,59.4,12.1
Andhra Pradesh,Krishna,2018,Whole Year,27.6,1268.5,66.7,20.2
Andhra Pradesh,Krishna,2019,Kharif,30.6,1138.9,76.4,30.9
Andhra Pradesh,Krishna,2019,Rabi,23.2,138.3,59.9,13.3
Andhra Pradesh,Krishna,2019,Whole Year,28.0,1326.0,66.8,20.8
Andhra Pradesh,Krishna,2020,Kharif,30.7,1233.4,76.1,34.7
Andhra Pradesh,Krishna,2020,Rabi,22.9,179.5,60.9,12.1
Andhra Pradesh,Krishna,2020,Whole Year,27.8,1439.6,67.6,21.2
Andhra Pradesh,Krishna,2021,Kharif,30.4,1257.5,77.8,35.1
Andhra Pradesh,Krishna,2021,Rabi,22.9,156.4,60.1,11.2
Andhra Pradesh,Krishna,2021,Whole Year,27.9,1445.0,67.0,21.1
Andhra Pradesh,Krishna,2022,Kharif,31.6,1063.0,76.9,32.8
Andhra Pradesh,Krishna,2022,Rabi,23.4,175.6,58.7,16.5
Andhra Pradesh,Krishna,2022,Whole Year,28.5,1278.9,66.7,23.0
Andhra Pradesh,Krishna,2023,Kharif,31.6,1292.4,80.1,37.9
Andhra Pradesh,Krishna,2023,Rabi,22.5,143.9,62.0,12.9
Andhra Pradesh,Krishna,2023,Whole Year,28.2,1469.4,68.9,22.7
Andhra Pradesh,Guntur,2015,Kharif,31.4,1266.9,74.5,34.9
Andhra Pradesh,Guntur,2015,Rabi,23.0,134.7,58.9,13.3
Andhra Pradesh,Guntur,2015,Whole Year,28.2,1426.5,66.4,22.0
Andhra Pradesh,Guntur,2016,Kharif,30.7,1179.0,79.3,32.9
Andhra Pradesh,Guntur,2016,Rabi,22.7,171.8,59.9,14.8
Andhra Pradesh,Guntur,2016,Whole Year,27.9,1383.3,68.1,21.7
Andhra Pradesh,Guntur,2017,Kharif,31.3,1157.0,77.6,33.2
Andhra Pradesh,Guntur,2017,Rabi,23.0,153.4,61.0,13.7
Andhra Pradesh,Guntur,2017,Whole Year,28.2,1355.1,67.8,21.8
Andhra Pradesh,Guntur,2018,Kharif,30.8,1092.5,80.5,31.8
Andhra Pradesh,Guntur,2018,Rabi,23.4,125.3,58.8,11.4
Andhra Pradesh,Guntur,2018,Whole Year,28.1,1247.2,67.7,20.3
Andhra Pradesh,Guntur,2019,Kharif,30.4,1039.8,78.8,28.6
Andhra Pradesh,Guntur,2019,Rabi,23.5,117.9,61.4,10.8
Andhra Pradesh,Guntur,2019,Whole Year,28.0,1191.2,68.3,18.5
Andhra Pradesh,Guntur,2020,Kharif,30.5,1027.0,78.5,31.3
Andhra Pradesh,Guntur,2020,Rabi,22.6,114.1,59.4,15.0
Andhra Pradesh,Guntur,2020,Whole Year,27.7,1180.5,67.8,21.4
Andhra Pradesh,Guntur,2021,Kharif,30.5,1019.9,78.7,32.2
Andhra Pradesh,Guntur,2021,Rabi,23.8,148.4,60.6,14.7
Andhra Pradesh,Guntur,2021,Whole Year,28.3,1207.2,68.1,21.2
Andhra Pradesh,Guntur,2022,Kharif,31.1,989.4,77.0,28.4
Andhra Pradesh,Guntur,2022,Rabi,22.7,143.3,59.6,14.7
Andhra Pradesh,Guntur,2022,Whole Year,27.9,1178.4,66.8,19.8
Andhra Pradesh,Guntur,2023,Kharif,30.4,1017.5,77.3,29.9
Andhra Pradesh,Guntur,2023,Rabi,22.5,160.1,61.4,12.5
Andhra Pradesh,Guntur,2023,Whole Year,27.7,1234.5,68.5,19.5
Andhra Pradesh,West Godavari,2015,Kharif,31.3,1105.5,75.8,34.2
Andhra Pradesh,West Godavari,2015,Rabi,23.3,105.9,60.5,11.2
Andhra Pradesh,West Godavari,2015,Whole Year,28.4,1237.0,66.5,20.2
Andhra Pradesh,West Godavari,2016,Kharif,30.9,905.8,77.9,27.3
Andhra Pradesh,West Godavari,2016,Rabi,22.5,172.1,62.0,13.0
Andhra Pradesh,West Godavari,2016,Whole Year,27.7,1109.5,68.4,19.4
Andhra Pradesh,West Godavari,2017,Kharif,31.1,1129.4,75.4,32.5
Andhra Pradesh,West Godavari,2017,Rabi,22.2,119.0,60.3,13.7
Andhra Pradesh,West Godavari,2017,Whole Year,27.8,1299.8,66.2,21.8
Andhra Pradesh,West Godavari,2018,Kharif,30.9,1233.3,76.8,35.4
Andhra Pradesh,West Godavari,2018,Rabi,22.8,107.1,60.6,12.0
Andhra Pradesh,West Godavari,2018,Whole Year,27.8,1369.8,67.4,22.2
Andhra Pradesh,West Godavari,2019,Kharif,30.9,1264.8,77.4,33.1
Andhra Pradesh,West Godavari,2019,Rabi,22.2,179.5,60.8,14.4
Andhra Pradesh,West Godavari,2019,Whole Year,27.9,1500.0,67.6,22.4
Andhra Pradesh,West Godavari,2020,Kharif,31.0,1088.2,77.9,30.4
Andhra Pradesh,West Godavari,2020,Rabi,23.1,124.4,61.4,13.1
Andhra Pradesh,West Godavari,2020,Whole Year,28.1,1234.9,67.9,19.7
Andhra Pradesh,West Godavari,2021,Kharif,30.8,1094.7,75.6,30.3
Andhra Pradesh,West Godavari,2021,Rabi,22.6,134.7,59.2,13.4
Andhra Pradesh,West Godavari,2021,Whole Year,27.8,1251.0,66.1,20.4
Andhra Pradesh,West Godavari,2022,Kharif,31.1,1210.9,78.9,33.9
Andhra Pradesh,West Godavari,2022,Rabi,23.2,122.9,58.1,11.9
Andhra Pradesh,West Godavari,2022,Whole Year,28.2,1373.5,67.4,21.3
Andhra Pradesh,West Godavari,2023,Kharif,30.9,1308.4,77.8,34.9
Andhra Pradesh,West Godavari,2023,Rabi,22.8,152.4,59.1,13.4
Andhra Pradesh,West Godavari,2023,Whole Year,28.0,1494.3,67.2,22.3
Andhra Pradesh,Kurnool,2015,Kharif,31.4,1229.7,74.7,34.7
Andhra Pradesh,Kurnool,2015,Rabi,22.8,119.3,61.3,11.7
Andhra Pradesh,Kurnool,2015,Whole Year,28.2,1389.5,66.7,21.2
Andhra Pradesh,Kurnool,2016,Kharif,30.7,1138.7,76.1,32.0
Andhra Pradesh,Kurnool,2016,Rabi,22.9,137.7,62.7,14.4
Andhra Pradesh,Kurnool,2016,Whole Year,27.9,1325.7,68.1,21.7
Andhra Pradesh,Kurnool,2017,Kharif,30.9,1075.7,77.4,30.8
Andhra Pradesh,Kurnool,2017,Rabi,22.7,171.6,60.3,13.3
Andhra Pradesh,Kurnool,2017,Whole Year,27.9,1271.6,67.0,20.9
Andhra Pradesh,Kurnool,2018,Kharif,31.5,1165.5,77.2,32.1
Andhra Pradesh,Kurnool,2018,Rabi,23.4,125.6,61.4,12.0
Andhra Pradesh,Kurnool,2018,Whole Year,28.6,1328.2,68.0,20.4
Andhra Pradesh,Kurnool,2019,Kharif,31.8,1078.8,78.3,32.2
Andhra Pradesh,Kurnool,2019,Rabi,23.1,163.9,62.7,12.5
Andhra Pradesh,Kurnool,2019,Whole Year,28.4,1288.6,69.0,20.8
Andhra Pradesh,Kurnool,2020,Kharif,31.1,1138.0,78.2,33.2
Andhra Pradesh,Kurnool,2020,Rabi,22.2,152.7,61.4,14.5
Andhra Pradesh,Kurnool,2020,Whole Year,27.6,1341.5,68.6,21.8
Andhra Pradesh,Kurnool,2021,Kharif,31.6,1070.0,75.2,32.7
Andhra Pradesh,Kurnool,2021,Rabi,23.0,183.6,59.8,15.6
Andhra Pradesh,Kurnool,2021,Whole Year,28.3,1301.1,65.8,22.5
Andhra Pradesh,Kurnool,2022,Kharif,30.8,1109.1,75.1,33.3
Andhra Pradesh,Kurnool,2022,Rabi,23.3,151.2,59.4,11.8
Andhra Pradesh,Kurnool,2022,Whole Year,28.0,1306.7,66.3,21.3
Andhra Pradesh,Kurnool,2023,Kharif,31.2,1061.6,74.6,31.9
Andhra Pradesh,Kurnool,2023,Rabi,22.8,116.4,60.0,12.6
Andhra Pradesh,Kurnool,2023,Whole Year,28.3,1198.2,66.7,20.2
