State,Crop,Crop_Year,Cost_A2_FL_per_ha_INR,Cost_C2_per_ha_INR,Fertilizer_Cost_per_ha_INR,Labor_Cost_per_ha_INR,Seed_Irrigation_Other_Cost_per_ha_INR,CPI_AL_Index_Base2015
Punjab,Rice,2015,36518.7,60843.8,7422.3,12655.5,16440.9,100
Punjab,Rice,2016,36201.6,60517.9,7034.4,13181.1,15986.1,105.27
Punjab,Rice,2017,40018.1,66554.9,6534.2,13112.9,20371.0,113.54
Punjab,Rice,2018,42536.9,70482.1,9657.3,13029.0,19850.6,119.72
Punjab,Rice,2019,43296.0,71446.8,9514.7,14002.4,19778.9,128.37
Punjab,Rice,2020,49347.9,80986.3,9102.4,19716.2,20529.3,138.02
Punjab,Rice,2021,49222.0,83330.1,9098.3,16906.5,23217.2,148.02
Punjab,Rice,2022,52700.4,86788.6,11983.1,17208.2,23509.1,156.76
Punjab,Rice,2023,58109.8,95537.3,10700.3,18340.8,29068.7,166.25
Punjab,Wheat,2015,31062.8,50992.6,6137.2,11565.3,13360.3,100
Punjab,Wheat,2016,30629.7,51502.4,7083.6,10123.6,13422.5,105.27
Punjab,Wheat,2017,35715.2,59633.1,6566.6,11871.1,17277.5,113.54
Punjab,Wheat,2018,34742.3,57029.5,6812.8,12452.4,15477.1,119.72
Punjab,Wheat,2019,38951.1,64457.0,6621.0,12735.0,19595.1,128.37
Punjab,Wheat,2020,42235.7,69573.5,7346.9,14073.6,20815.2,138.02
Punjab,Wheat,2021,47364.5,79553.5,10332.8,16228.7,20803.0,148.02
Punjab,Wheat,2022,47237.1,78899.5,9680.9,17801.6,19754.6,156.76
Punjab,Wheat,2023,47977.6,80172.7,8444.2,16278.6,23254.8,166.25
Punjab,Maize,2015,26148.7,44308.2,5032.2,9872.0,11244.5,100
Punjab,Maize,2016,26559.3,44978.5,4775.8,9691.5,12092.0,105.27
Punjab,Maize,2017,30174.8,50383.1,5903.3,11395.6,12875.9,113.54
Punjab,Maize,2018,29527.5,50138.8,6043.3,10966.9,12517.3,119.72
Punjab,Maize,2019,32554.9,53651.4,6882.1,11377.8,14295.0,128.37
Punjab,Maize,2020,34479.1,55854.2,7926.7,11194.7,15357.7,138.02
Punjab,Maize,2021,38635.4,64555.8,6865.5,15335.6,16434.3,148.02
Punjab,Maize,2022,40745.0,69032.6,7186.8,14303.2,19255.0,156.76
Punjab,Maize,2023,42674.4,69454.1,8283.1,14989.4,19401.9,166.25
Punjab,Cotton,2015,40785.7,68782.8,7587.4,12510.9,20687.4,100
Punjab,Cotton,2016,44626.8,73345.1,7229.8,17429.3,19967.7,105.27
Punjab,Cotton,2017,48008.8,79951.0,10829.8,15955.7,21223.3,113.54
Punjab,Cotton,2018,51240.9,83856.5,11719.9,21512.3,18008.7,119.72
Punjab,Cotton,2019,53283.6,87505.4,11658.0,20585.3,21040.3,128.37
Punjab,Cotton,2020,56984.5,91662.7,10739.0,21748.6,24496.9,138.02
Punjab,Cotton,2021,57827.9,94894.9,13492.1,22310.5,22025.3,148.02
Punjab,Cotton,2022,62987.8,101659.0,12957.6,23546.0,26484.2,156.76
Punjab,Cotton,2023,66995.5,110647.6,16034.8,25325.2,25635.5,166.25
Punjab,Sugarcane,2015,92727.0,148983.6,18355.1,28068.3,46303.6,100
Punjab,Sugarcane,2016,102095.3,168629.6,21243.8,38967.9,41883.6,105.27
Punjab,Sugarcane,2017,99523.0,167379.8,21487.8,30716.1,47319.1,113.54
Punjab,Sugarcane,2018,115515.5,194786.5,27632.7,35937.8,51945.0,119.72
Punjab,Sugarcane,2019,123874.8,207820.2,22339.5,38344.5,63190.8,128.37
Punjab,Sugarcane,2020,129852.5,208634.7,26465.5,51509.1,51877.9,138.02
Punjab,Sugarcane,2021,135072.0,220631.1,26118.5,42370.6,66582.9,148.02
Punjab,Sugarcane,2022,137756.2,228175.6,31062.0,57720.1,48974.1,156.76
Punjab,Sugarcane,2023,146797.4,239353.6,33083.7,49179.3,64534.4,166.25
Punjab,Soyabean,2015,24590.2,41647.1,5624.4,9219.3,9746.5,100
Punjab,Soyabean,2016,25776.8,43443.4,4415.0,8774.4,12587.4,105.27
Punjab,Soyabean,2017,27818.1,45839.3,6163.0,11598.8,10056.3,113.54
Punjab,Soyabean,2018,29302.2,48609.6,6383.8,12050.1,10868.3,119.72
Punjab,Soyabean,2019,29318.6,47062.1,6548.3,11796.3,10974.0,128.37
Punjab,Soyabean,2020,33543.7,55202.1,6083.9,14024.6,13435.2,138.02
Punjab,Soyabean,2021,36154.5,61394.6,7695.0,14554.0,13905.5,148.02
Punjab,Soyabean,2022,36344.3,60765.7,6094.8,12329.5,17920.0,156.76
Punjab,Soyabean,2023,39491.6,65252.3,9457.3,14832.9,15201.4,166.25
Punjab,Groundnut,2015,35333.5,59341.9,7800.9,14118.8,13413.8,100
Punjab,Groundnut,2016,40714.8,68313.5,8200.5,15463.9,17050.4,105.27
Punjab,Groundnut,2017,39876.9,65300.9,7682.4,15487.5,16707.0,113.54
Punjab,Groundnut,2018,42079.2,68204.1,7542.6,13636.5,20900.1,119.72
Punjab,Groundnut,2019,47252.2,80276.4,8801.8,14560.5,23889.9,128.37
Punjab,Groundnut,2020,48265.2,80811.4,9243.6,20196.3,18825.3,138.02
Punjab,Groundnut,2021,53146.6,90183.0,9831.6,22178.2,21136.8,148.02
Punjab,Groundnut,2022,60613.5,99413.9,10131.3,22699.7,27782.5,156.76
Punjab,Groundnut,2023,61954.5,103063.0,10621.5,24819.6,26513.4,166.25
Punjab,Bajra,2015,19213.1,31354.4,3189.4,5813.0,10210.7,100
Punjab,Bajra,2016,20460.5,33016.9,3778.2,7949.1,8733.2,105.27
Punjab,Bajra,2017,22810.1,37513.3,4059.3,8560.3,10190.5,113.54
Punjab,Bajra,2018,23105.2,39232.4,5111.8,9310.3,8683.1,119.72
Punjab,Bajra,2019,24461.5,41008.0,4742.0,8083.9,11635.6,128.37
Punjab,Bajra,2020,25844.1,42673.3,5477.0,8546.1,11821.0,138.02
Punjab,Bajra,2021,27652.4,45865.5,5591.7,10693.0,11367.7,148.02
Punjab,Bajra,2022,31868.3,51530.7,7580.2,10668.7,13619.4,156.76
Punjab,Bajra,2023,33360.6,54168.5,7366.4,11414.5,14579.7,166.25
Punjab,Jowar,2015,20684.5,34908.5,4573.5,8090.0,8021.0,100
Punjab,Jowar,2016,22708.3,37267.4,4088.9,9069.9,9549.5,105.27
Punjab,Jowar,2017,23638.9,38470.8,5639.5,9628.4,8371.0,113.54
Punjab,Jowar,2018,25510.8,41994.2,5723.1,8872.4,10915.3,119.72
Punjab,Jowar,2019,25874.6,43500.1,5395.3,10067.7,10411.6,128.37
Punjab,Jowar,2020,27152.9,44864.5,5251.6,8278.1,13623.2,138.02
Punjab,Jowar,2021,31689.8,52140.6,6285.6,11704.7,13699.5,148.02
Punjab,Jowar,2022,32771.7,52850.4,5764.8,10217.0,16789.9,156.76
Punjab,Jowar,2023,34818.1,56311.5,7505.4,13749.5,13563.2,166.25
Punjab,Gram,2015,23422.8,39765.7,4718.9,8540.4,10163.5,100
Punjab,Gram,2016,24210.0,40196.0,4880.0,8015.5,11314.5,105.27
Punjab,Gram,2017,26463.3,44355.7,4967.1,8254.4,13241.8,113.54
Punjab,Gram,2018,27556.9,44781.2,5130.0,11164.3,11262.6,119.72
Punjab,Gram,2019,30216.7,51214.4,6242.8,11694.3,12279.6,128.37
Punjab,Gram,2020,30603.1,50874.5,6242.5,9917.5,14443.1,138.02
Punjab,Gram,2021,34259.7,56996.2,5979.7,13492.3,14787.7,148.02
Punjab,Gram,2022,34875.1,58889.6,6352.6,14173.0,14349.5,156.76
Punjab,Gram,2023,38939.6,63509.1,6724.4,14045.0,18170.2,166.25
Haryana,Rice,2015,32303.0,53276.1,5252.1,10815.1,16235.8,100
Haryana,Rice,2016,33764.9,56353.7,6075.2,12352.3,15337.4,105.27
Haryana,Rice,2017,35049.2,58692.1,7375.4,11796.2,15877.6,113.54
Haryana,Rice,2018,36691.0,62301.8,6386.2,13501.7,16803.1,119.72
Haryana,Rice,2019,39433.0,64192.6,6894.6,15948.6,16589.8,128.37
Haryana,Rice,2020,44135.1,71104.7,7197.7,16414.8,20522.6,138.02
Haryana,Rice,2021,45922.0,77016.1,9586.9,17451.6,18883.5,148.02
Haryana,Rice,2022,48275.2,78304.2,10768.3,20201.7,17305.2,156.76
Haryana,Rice,2023,52933.7,87161.5,10540.1,16577.7,25815.9,166.25
Haryana,Wheat,2015,26942.2,43369.1,4524.2,9217.8,13200.2,100
Haryana,Wheat,2016,28336.3,48036.3,6314.9,11784.5,10236.9,105.27
Haryana,Wheat,2017,30066.8,50547.9,6649.8,11615.0,11802.0,113.54
Haryana,Wheat,2018,31805.3,53953.8,7600.6,11959.1,12245.6,119.72
Haryana,Wheat,2019,36680.0,59436.1,8341.4,11397.9,16940.7,128.37
Haryana,Wheat,2020,39028.9,65892.4,7224.0,13846.1,17958.8,138.02
Haryana,Wheat,2021,42083.8,67414.4,7389.1,16614.2,18080.5,148.02
Haryana,Wheat,2022,45969.3,74185.1,7932.1,14025.4,24011.8,156.76
Haryana,Wheat,2023,47728.5,81017.9,7763.2,18727.0,21238.3,166.25
Haryana,Maize,2015,24099.3,39118.2,5171.6,8635.9,10291.8,100
Haryana,Maize,2016,24413.7,39624.8,4416.8,7624.8,12372.1,105.27
Haryana,Maize,2017,26823.9,44754.5,4471.9,9636.3,12715.7,113.54
Haryana,Maize,2018,30025.8,49358.1,5052.2,11834.9,13138.7,119.72
Haryana,Maize,2019,31908.4,51409.0,7186.6,12933.3,11788.5,128.37
Haryana,Maize,2020,33832.9,57309.5,7439.6,13009.8,13383.5,138.02
Haryana,Maize,2021,34043.4,57526.7,7766.7,11657.6,14619.1,148.02
Haryana,Maize,2022,37669.8,62957.5,6628.1,12778.3,18263.4,156.76
Haryana,Maize,2023,38546.1,65013.7,7114.0,12047.0,19385.1,166.25
Haryana,Cotton,2015,39535.7,66173.5,6964.5,11877.2,20694.0,100
Haryana,Cotton,2016,39587.9,66793.3,6876.7,14112.6,18598.6,105.27
Haryana,Cotton,2017,40712.0,66597.8,8305.4,15926.7,16479.9,113.54
Haryana,Cotton,2018,43869.5,71599.3,8333.3,13265.5,22270.7,119.72
Haryana,Cotton,2019,50071.7,83884.2,8491.7,17500.0,24080.0,128.37
Haryana,Cotton,2020,54534.8,91842.6,11719.2,17700.4,25115.2,138.02
Haryana,Cotton,2021,54484.2,90088.4,11840.6,19720.9,22922.7,148.02
Haryana,Cotton,2022,61447.9,103910.2,10134.3,25331.8,25981.8,156.76
Haryana,Cotton,2023,63100.8,104675.2,12870.0,24219.2,26011.6,166.25
Haryana,Sugarcane,2015,85032.2,140496.4,18323.6,28824.8,37883.8,100
Haryana,Sugarcane,2016,87506.6,140513.0,20639.4,32280.7,34586.5,105.27
Haryana,Sugarcane,2017,99231.3,165514.9,21592.2,32185.7,45453.4,113.54
Haryana,Sugarcane,2018,106243.7,172715.9,24507.8,42444.3,39291.6,119.72
Haryana,Sugarcane,2019,114180.5,193740.5,24427.7,46659.4,43093.4,128.37
Haryana,Sugarcane,2020,113339.5,187805.0,25310.9,40186.6,47842.0,138.02
Haryana,Sugarcane,2021,122448.4,203926.2,24604.3,39578.0,58266.1,148.02
Haryana,Sugarcane,2022,130000.2,212394.1,30791.2,42020.4,57188.6,156.76
Haryana,Sugarcane,2023,137288.9,230500.2,25000.9,44032.6,68255.4,166.25
Haryana,Soyabean,2015,22650.9,37815.0,5047.1,7157.3,10446.5,100
Haryana,Soyabean,2016,22806.5,36742.5,4623.6,7587.2,10595.7,105.27
Haryana,Soyabean,2017,25063.8,40537.5,4200.3,8184.8,12678.7,113.54
Haryana,Soyabean,2018,27594.3,44748.0,4913.0,9517.2,13164.1,119.72
Haryana,Soyabean,2019,26867.8,45102.8,4636.4,11088.1,11143.3,128.37
Haryana,Soyabean,2020,29949.3,48141.9,5312.7,10083.3,14553.3,138.02
Haryana,Soyabean,2021,31441.4,53200.3,6869.2,11271.2,13301.0,148.02
Haryana,Soyabean,2022,34439.7,57950.6,7082.8,13226.7,14130.2,156.76
Haryana,Soyabean,2023,35316.1,59693.4,6391.8,14401.7,14522.6,166.25
Haryana,Groundnut,2015,35383.1,56791.5,6698.7,12375.7,16308.7,100
Haryana,Groundnut,2016,34080.0,56519.0,6999.4,13420.9,13659.7,105.27
Haryana,Groundnut,2017,36991.9,59418.1,6916.3,12650.4,17425.2,113.54
Haryana,Groundnut,2018,40477.1,67274.8,9277.9,12557.4,18641.8,119.72
Haryana,Groundnut,2019,42155.9,71373.4,9553.6,15842.0,16760.3,128.37
Haryana,Groundnut,2020,49253.6,79118.3,9948.5,16096.5,23208.6,138.02
Haryana,Groundnut,2021,48481.8,79445.5,10952.0,15579.6,21950.2,148.02
Haryana,Groundnut,2022,52655.8,84630.9,10258.9,17029.5,25367.4,156.76
Haryana,Groundnut,2023,58181.6,97119.0,10435.5,22953.8,24792.3,166.25
Haryana,Bajra,2015,18686.2,31025.9,4407.9,6519.6,7758.7,100
Haryana,Bajra,2016,19152.2,31721.5,3853.4,7492.8,7806.0,105.27
Haryana,Bajra,2017,19779.9,32461.5,3471.2,7212.8,9095.9,113.54
Haryana,Bajra,2018,20845.6,34681.4,4818.1,6897.4,9130.1,119.72
Haryana,Bajra,2019,21912.7,37184.5,3706.8,8547.3,9658.6,128.37
Haryana,Bajra,2020,25902.7,42509.9,5540.9,9101.8,11260.0,138.02
Haryana,Bajra,2021,26108.5,43187.5,5253.8,9262.0,11592.7,148.02
Haryana,Bajra,2022,28085.3,45213.6,6732.3,9566.7,11786.3,156.76
Haryana,Bajra,2023,30207.1,51170.7,4956.4,10862.7,14388.0,166.25
Haryana,Jowar,2015,18405.2,30756.3,4236.0,7465.6,6703.6,100
Haryana,Jowar,2016,19709.5,31900.1,4167.3,7948.8,7593.4,105.27
Haryana,Jowar,2017,22524.2,37575.8,3734.0,9339.4,9450.8,113.54
Haryana,Jowar,2018,23419.1,39763.2,4191.3,7900.7,11327.1,119.72
Haryana,Jowar,2019,23406.4,37831.8,4909.0,8636.9,9860.5,128.37
Haryana,Jowar,2020,25502.8,42561.5,4823.6,7872.1,12807.1,138.02
Haryana,Jowar,2021,28293.2,47320.3,5358.4,9103.9,13830.9,148.02
Haryana,Jowar,2022,30963.3,51001.0,6569.5,11416.6,12977.2,156.76
Haryana,Jowar,2023,32532.6,54313.7,7659.5,11783.1,13090.0,166.25
Haryana,Gram,2015,21636.2,35266.0,4394.5,7846.7,9395.0,100
Haryana,Gram,2016,21654.9,36458.7,4410.9,7112.8,10131.2,105.27
Haryana,Gram,2017,22700.4,37273.0,3643.7,7803.9,11252.8,113.54
Haryana,Gram,2018,25412.2,42308.6,5413.5,8214.5,11784.2,119.72
Haryana,Gram,2019,25994.7,41713.4,4545.8,10834.6,10614.3,128.37
Haryana,Gram,2020,28865.6,48584.4,6417.6,9759.3,12688.7,138.02
Haryana,Gram,2021,30594.7,51396.3,7239.9,12479.1,10875.7,148.02
Haryana,Gram,2022,34137.8,54958.5,7272.6,12302.1,14563.1,156.76
Haryana,Gram,2023,33048.5,56083.9,7658.5,12705.3,12684.7,166.25
Uttar Pradesh,Rice,2015,32440.1,54501.6,5752.7,10116.5,16570.9,100
Uttar Pradesh,Rice,2016,34643.4,55633.7,6871.2,13943.8,13828.4,105.27
Uttar Pradesh,Rice,2017,40468.0,65592.4,9005.1,12400.6,19062.3,113.54
Uttar Pradesh,Rice,2018,41618.3,67016.4,9342.8,14885.2,17390.3,119.72
Uttar Pradesh,Rice,2019,46228.6,76043.5,8967.7,15798.6,21462.3,128.37
Uttar Pradesh,Rice,2020,49162.3,82551.5,10546.9,19050.9,19564.5,138.02
Uttar Pradesh,Rice,2021,51933.3,83910.7,12326.2,17162.2,22444.9,148.02
Uttar Pradesh,Rice,2022,53539.8,87448.5,11015.8,17952.1,24571.9,156.76
Uttar Pradesh,Rice,2023,56526.6,92984.8,11588.3,17876.9,27061.4,166.25
Uttar Pradesh,Wheat,2015,28885.9,46382.6,5435.1,11833.0,11617.8,100
Uttar Pradesh,Wheat,2016,29742.1,49534.7,6229.2,12040.4,11472.5,105.27
Uttar Pradesh,Wheat,2017,32489.3,53651.7,5344.7,10854.1,16290.5,113.54
Uttar Pradesh,Wheat,2018,37716.1,60378.1,8959.0,13941.6,14815.5,119.72
Uttar Pradesh,Wheat,2019,39937.8,64769.9,9434.3,13011.9,17491.6,128.37
Uttar Pradesh,Wheat,2020,40803.9,68163.4,8693.1,12786.6,19324.2,138.02
Uttar Pradesh,Wheat,2021,42489.3,69250.4,7774.8,15200.5,19514.0,148.02
Uttar Pradesh,Wheat,2022,48163.2,81551.2,9584.2,16634.7,21944.3,156.76
Uttar Pradesh,Wheat,2023,52375.7,87045.5,12239.9,17010.0,23125.8,166.25
Uttar Pradesh,Maize,2015,25565.9,41160.6,5722.0,10074.6,9769.3,100
Uttar Pradesh,Maize,2016,25622.0,43060.4,4874.8,8452.1,12295.1,105.27
Uttar Pradesh,Maize,2017,30597.6,51445.5,6466.9,11081.4,13049.3,113.54
Uttar Pradesh,Maize,2018,29155.5,49253.9,6700.8,9912.8,12541.9,119.72
Uttar Pradesh,Maize,2019,31105.5,51254.1,5750.1,10843.3,14512.1,128.37
Uttar Pradesh,Maize,2020,35956.7,60204.2,6446.2,11045.6,18464.9,138.02
Uttar Pradesh,Maize,2021,36739.1,59797.0,6499.5,12775.1,17464.5,148.02
Uttar Pradesh,Maize,2022,39335.2,63180.2,6725.6,16199.9,16409.7,156.76
Uttar Pradesh,Maize,2023,44402.5,71838.9,7836.2,17083.4,19482.9,166.25
Uttar Pradesh,Cotton,2015,39286.0,63880.9,7020.6,15248.8,17016.6,100
Uttar Pradesh,Cotton,2016,44440.4,73344.7,7231.2,13364.5,23844.7,105.27
Uttar Pradesh,Cotton,2017,47011.8,78651.3,8596.9,16270.5,22144.4,113.54
Uttar Pradesh,Cotton,2018,46389.1,77200.4,9427.5,17943.6,19018.0,119.72
Uttar Pradesh,Cotton,2019,54787.6,91423.2,12665.6,17634.7,24487.3,128.37
Uttar Pradesh,Cotton,2020,58322.5,96201.5,9685.8,21023.7,27613.0,138.02
Uttar Pradesh,Cotton,2021,59945.9,97594.1,11651.9,22733.7,25560.3,148.02
Uttar Pradesh,Cotton,2022,64267.9,107556.9,13693.3,20823.5,29751.1,156.76
Uttar Pradesh,Cotton,2023,67114.8,111241.3,13891.0,21845.6,31378.2,166.25
Uttar Pradesh,Sugarcane,2015,87336.6,143717.0,15826.0,31362.6,40148.0,100
Uttar Pradesh,Sugarcane,2016,99629.6,167917.7,18826.1,29985.6,50817.9,105.27
Uttar Pradesh,Sugarcane,2017,107147.4,181464.1,20008.2,35813.6,51325.6,113.54
Uttar Pradesh,Sugarcane,2018,104075.1,172924.6,20355.0,35067.6,48652.5,119.72
Uttar Pradesh,Sugarcane,2019,118290.4,201031.7,28156.6,36419.0,53714.8,128.37
Uttar Pradesh,Sugarcane,2020,122006.5,196181.5,27892.7,37185.4,56928.4,138.02
Uttar Pradesh,Sugarcane,2021,135992.5,222609.7,24894.7,43210.9,67886.9,148.02
Uttar Pradesh,Sugarcane,2022,140143.4,231487.1,27829.7,46691.2,65622.5,156.76
Uttar Pradesh,Sugarcane,2023,156127.0,250748.8,31682.8,49812.8,74631.4,166.25
Uttar Pradesh,Soyabean,2015,24124.1,39252.1,4176.2,8882.2,11065.7,100
Uttar Pradesh,Soyabean,2016,24077.7,39457.2,5277.9,7302.2,11497.6,105.27
Uttar Pradesh,Soyabean,2017,26938.1,43286.7,4750.4,10568.6,11619.1,113.54
Uttar Pradesh,Soyabean,2018,28589.6,47413.8,5000.5,11214.9,12374.2,119.72
Uttar Pradesh,Soyabean,2019,30959.3,51500.6,6354.3,10937.8,13667.2,128.37
Uttar Pradesh,Soyabean,2020,33657.5,56236.9,5571.0,10527.1,17559.4,138.02
Uttar Pradesh,Soyabean,2021,35320.5,59961.4,8250.5,14120.8,12949.2,148.02
Uttar Pradesh,Soyabean,2022,35997.3,60179.4,6743.6,14875.8,14377.9,156.76
Uttar Pradesh,Soyabean,2023,37825.1,61829.5,6250.3,13127.2,18447.6,166.25
Uttar Pradesh,Groundnut,2015,37557.1,60437.3,7964.6,12870.9,16721.6,100
Uttar Pradesh,Groundnut,2016,39000.1,64361.3,7461.5,11975.3,19563.3,105.27
Uttar Pradesh,Groundnut,2017,39065.1,62844.0,9361.3,14859.3,14844.5,113.54
Uttar Pradesh,Groundnut,2018,41321.4,69707.1,9334.4,12895.0,19092.0,119.72
Uttar Pradesh,Groundnut,2019,44873.3,74695.8,9620.5,15386.3,19866.5,128.37
Uttar Pradesh,Groundnut,2020,49076.2,78948.4,8852.8,15937.8,24285.6,138.02
Uttar Pradesh,Groundnut,2021,55190.1,92238.4,10395.1,19454.7,25340.3,148.02
Uttar Pradesh,Groundnut,2022,58451.9,95115.4,11239.7,23964.4,23247.8,156.76
Uttar Pradesh,Groundnut,2023,59561.3,100888.3,12687.4,19718.6,27155.3,166.25
Uttar Pradesh,Bajra,2015,19516.8,31671.1,3585.3,7339.1,8592.4,100
Uttar Pradesh,Bajra,2016,19248.8,31785.3,4617.2,7721.6,6910.0,105.27
Uttar Pradesh,Bajra,2017,22490.0,37424.1,4708.7,8368.5,9412.8,113.54
Uttar Pradesh,Bajra,2018,24137.7,40263.4,5003.5,10045.4,9088.8,119.72
Uttar Pradesh,Bajra,2019,25274.8,40836.0,5696.9,10097.9,9480.0,128.37
Uttar Pradesh,Bajra,2020,26385.3,42774.9,4778.0,10638.0,10969.3,138.02
Uttar Pradesh,Bajra,2021,29469.1,47530.6,5578.2,9569.3,14321.6,148.02
Uttar Pradesh,Bajra,2022,29939.7,48463.9,5817.9,9342.2,14779.6,156.76
Uttar Pradesh,Bajra,2023,32916.3,55213.2,6683.4,11454.7,14778.2,166.25
Uttar Pradesh,Jowar,2015,20844.3,35245.2,3410.3,6626.7,10807.3,100
Uttar Pradesh,Jowar,2016,20298.8,33656.1,3251.9,6471.9,10575.0,105.27
Uttar Pradesh,Jowar,2017,22066.0,36104.9,4447.0,9227.6,8391.4,113.54
Uttar Pradesh,Jowar,2018,23276.7,39098.0,4784.8,9446.0,9045.9,119.72
Uttar Pradesh,Jowar,2019,26095.9,43638.0,5081.5,8967.4,12047.0,128.37
Uttar Pradesh,Jowar,2020,27546.8,45956.9,6602.9,8990.6,11953.3,138.02
Uttar Pradesh,Jowar,2021,31617.1,52194.0,7051.6,12592.0,11973.5,148.02
Uttar Pradesh,Jowar,2022,30149.7,51006.6,6224.4,12374.8,11550.5,156.76
Uttar Pradesh,Jowar,2023,32710.3,54684.9,6423.0,11503.8,14783.5,166.25
Uttar Pradesh,Gram,2015,22518.8,36500.6,5020.1,9188.9,8309.8,100
Uttar Pradesh,Gram,2016,23611.0,38659.9,3792.0,9634.1,10184.9,105.27
Uttar Pradesh,Gram,2017,26270.6,44122.5,4321.3,9069.4,12879.9,113.54
Uttar Pradesh,Gram,2018,27323.2,45564.3,6306.1,8220.6,12796.5,119.72
Uttar Pradesh,Gram,2019,28377.4,45463.8,6578.6,10648.3,11150.5,128.37
Uttar Pradesh,Gram,2020,29358.8,49271.9,4929.9,10047.7,14381.2,138.02
Uttar Pradesh,Gram,2021,34074.9,54629.5,5926.2,13420.2,14728.5,148.02
Uttar Pradesh,Gram,2022,33479.1,54506.7,5647.7,11392.6,16438.8,156.76
Uttar Pradesh,Gram,2023,37642.2,60717.5,7478.7,14229.3,15934.2,166.25
Madhya Pradesh,Rice,2015,30253.0,51210.4,6360.1,12417.6,11475.3,100
Madhya Pradesh,Rice,2016,32690.6,54924.0,5750.8,12183.0,14756.8,105.27
Madhya Pradesh,Rice,2017,35307.9,59253.2,7898.8,11732.7,15676.4,113.54
Madhya Pradesh,Rice,2018,35789.6,60070.7,6179.4,11114.2,18496.0,119.72
Madhya Pradesh,Rice,2019,38406.6,63809.3,8668.4,12434.9,17303.3,128.37
Madhya Pradesh,Rice,2020,41140.1,67528.6,9733.3,15160.8,16246.0,138.02
Madhya Pradesh,Rice,2021,43108.1,69244.3,8425.4,16041.3,18641.4,148.02
Madhya Pradesh,Rice,2022,47807.5,77396.6,9206.1,19059.3,19542.1,156.76
Madhya Pradesh,Rice,2023,49566.7,80955.6,10953.1,17646.1,20967.5,166.25
Madhya Pradesh,Wheat,2015,27600.1,44596.9,5746.4,9926.7,11927.0,100
Madhya Pradesh,Wheat,2016,27521.2,46287.0,6342.3,8414.1,12764.8,105.27
Madhya Pradesh,Wheat,2017,30647.5,50641.8,7185.0,9429.4,14033.1,113.54
Madhya Pradesh,Wheat,2018,32559.9,54570.6,6550.9,12929.9,13079.1,119.72
Madhya Pradesh,Wheat,2019,33082.3,54508.0,6643.0,13092.2,13347.1,128.37
Madhya Pradesh,Wheat,2020,36607.2,59691.4,7043.0,13826.1,15738.1,138.02
Madhya Pradesh,Wheat,2021,41503.0,68554.6,8829.8,16545.7,16127.5,148.02
Madhya Pradesh,Wheat,2022,41130.4,67494.7,8458.8,16873.0,15798.6,156.76
Madhya Pradesh,Wheat,2023,44488.6,72422.0,8899.0,13830.4,21759.2,166.25
Madhya Pradesh,Maize,2015,22680.8,38434.5,4141.4,7635.6,10903.8,100
Madhya Pradesh,Maize,2016,23573.4,38475.1,5488.3,9071.0,9014.1,105.27
Madhya Pradesh,Maize,2017,24678.6,41493.4,5222.3,7647.1,11809.2,113.54
Madhya Pradesh,Maize,2018,27333.3,44827.3,5056.5,8760.7,13516.1,119.72
Madhya Pradesh,Maize,2019,30069.1,49872.4,7044.5,9115.2,13909.4,128.37
Madhya Pradesh,Maize,2020,32812.1,54433.0,6583.3,12591.1,13637.7,138.02
Madhya Pradesh,Maize,2021,34524.7,56934.0,7885.2,11831.2,14808.3,148.02
Madhya Pradesh,Maize,2022,37535.4,61369.5,7352.5,15549.1,14633.8,156.76
Madhya Pradesh,Maize,2023,36676.9,60334.4,8126.7,15324.9,13225.3,166.25
Madhya Pradesh,Cotton,2015,35547.2,58998.2,6110.6,11793.8,17642.8,100
Madhya Pradesh,Cotton,2016,38568.3,64948.8,8083.4,13188.4,17296.5,105.27
Madhya Pradesh,Cotton,2017,41852.2,67778.8,7516.5,14349.9,19985.8,113.54
Madhya Pradesh,Cotton,2018,41445.1,67200.4,7347.7,15040.8,19056.6,119.72
Madhya Pradesh,Cotton,2019,48625.6,80146.4,9971.0,18179.1,20475.5,128.37
Madhya Pradesh,Cotton,2020,51682.1,85817.6,9824.0,16846.8,25011.3,138.02
Madhya Pradesh,Cotton,2021,54508.0,87768.6,11881.9,18972.4,23653.7,148.02
Madhya Pradesh,Cotton,2022,54156.2,89203.2,12047.4,19469.1,22639.7,156.76
Madhya Pradesh,Cotton,2023,57130.1,95278.2,13304.1,19186.3,24639.7,166.25
Madhya Pradesh,Sugarcane,2015,78427.8,132822.5,15696.3,25986.6,36744.9,100
Madhya Pradesh,Sugarcane,2016,84151.7,134786.3,18536.0,33884.8,31730.9,105.27
Madhya Pradesh,Sugarcane,2017,95342.3,158991.2,15377.9,29990.6,49973.8,113.54
Madhya Pradesh,Sugarcane,2018,98135.4,159179.3,21490.2,30659.4,45985.8,119.72
Madhya Pradesh,Sugarcane,2019,108615.8,179577.9,21811.2,33487.0,53317.6,128.37
Madhya Pradesh,Sugarcane,2020,116798.7,197750.5,20394.0,36795.6,59609.1,138.02
Madhya Pradesh,Sugarcane,2021,115225.3,191763.6,24568.7,38391.1,52265.5,148.02
Madhya Pradesh,Sugarcane,2022,128053.3,206018.8,30348.3,52293.1,45411.9,156.76
Madhya Pradesh,Sugarcane,2023,137688.4,228396.9,25610.5,49727.3,62350.6,166.25
Madhya Pradesh,Soyabean,2015,20762.1,35059.0,3922.9,8539.7,8299.5,100
Madhya Pradesh,Soyabean,2016,22205.9,36242.8,4487.9,7581.3,10136.7,105.27
Madhya Pradesh,Soyabean,2017,22494.5,37438.3,5277.5,7028.6,10188.4,113.54
Madhya Pradesh,Soyabean,2018,25697.9,43625.7,5538.1,10216.4,9943.4,119.72
Madhya Pradesh,Soyabean,2019,26125.5,43495.0,5670.4,10322.6,10132.5,128.37
Madhya Pradesh,Soyabean,2020,28223.4,46252.1,6052.3,10348.4,11822.7,138.02
Madhya Pradesh,Soyabean,2021,30052.8,49778.1,6726.0,12389.7,10937.1,148.02
Madhya Pradesh,Soyabean,2022,32636.3,53271.4,5733.2,11938.0,14965.1,156.76
Madhya Pradesh,Soyabean,2023,36322.0,59215.9,7138.6,13598.9,15584.5,166.25
Madhya Pradesh,Groundnut,2015,31480.4,52828.4,5352.1,12689.9,13438.4,100
Madhya Pradesh,Groundnut,2016,34648.0,56434.0,5865.8,13490.0,15292.2,105.27
Madhya Pradesh,Groundnut,2017,36552.2,61299.0,8547.4,12003.4,16001.4,113.54
Madhya Pradesh,Groundnut,2018,39706.7,66205.3,6813.1,12671.0,20222.6,119.72
Madhya Pradesh,Groundnut,2019,42995.9,71682.4,8727.9,15056.3,19211.7,128.37
Madhya Pradesh,Groundnut,2020,44826.9,72685.8,8541.2,17728.4,18557.3,138.02
Madhya Pradesh,Groundnut,2021,47449.6,75998.2,7636.3,16731.4,23081.9,148.02
Madhya Pradesh,Groundnut,2022,50039.4,83093.8,9356.0,15829.9,24853.5,156.76
Madhya Pradesh,Groundnut,2023,53348.2,86574.1,12775.8,19731.2,20841.2,166.25
Madhya Pradesh,Bajra,2015,16268.2,27627.8,3400.3,4998.3,7869.6,100
Madhya Pradesh,Bajra,2016,17650.7,28353.6,3541.3,6789.9,7319.5,105.27
Madhya Pradesh,Bajra,2017,19670.0,32721.4,4241.8,6584.5,8843.7,113.54
Madhya Pradesh,Bajra,2018,21059.6,34274.1,4253.4,7324.6,9481.6,119.72
Madhya Pradesh,Bajra,2019,21737.9,35169.9,5064.4,6523.1,10150.4,128.37
Madhya Pradesh,Bajra,2020,22899.1,38145.3,5019.0,7488.0,10392.1,138.02
Madhya Pradesh,Bajra,2021,24502.2,40592.6,3958.1,9960.2,10583.9,148.02
Madhya Pradesh,Bajra,2022,25427.7,42818.2,5551.3,10126.7,9749.7,156.76
Madhya Pradesh,Bajra,2023,29775.3,48409.2,6892.6,12450.0,10432.7,166.25
Madhya Pradesh,Jowar,2015,18119.6,29334.6,3546.0,6435.9,8137.7,100
Madhya Pradesh,Jowar,2016,18196.6,30324.6,3086.9,6284.7,8825.0,105.27
Madhya Pradesh,Jowar,2017,19420.5,32873.3,3413.8,6597.2,9409.5,113.54
Madhya Pradesh,Jowar,2018,20949.2,34780.6,4640.1,8368.7,7940.4,119.72
Madhya Pradesh,Jowar,2019,23662.1,39156.3,5496.1,7220.8,10945.2,128.37
Madhya Pradesh,Jowar,2020,24919.8,41318.9,5162.8,10255.5,9501.5,138.02
Madhya Pradesh,Jowar,2021,26638.1,44446.0,5325.5,9508.2,11804.4,148.02
Madhya Pradesh,Jowar,2022,29520.6,47464.8,5888.8,9234.3,14397.5,156.76
Madhya Pradesh,Jowar,2023,30361.6,48951.7,6063.0,10547.1,13751.5,166.25
Madhya Pradesh,Gram,2015,19158.0,31759.5,3433.1,7268.5,8456.4,100
Madhya Pradesh,Gram,2016,20019.3,32526.5,4591.0,7901.8,7526.5,105.27
Madhya Pradesh,Gram,2017,22043.7,35926.8,3762.3,8522.3,9759.1,113.54
Madhya Pradesh,Gram,2018,23634.7,38668.4,5539.2,9876.7,8218.8,119.72
Madhya Pradesh,Gram,2019,26393.7,44698.3,4496.9,10372.5,11524.3,128.37
Madhya Pradesh,Gram,2020,27438.7,44200.3,5075.7,11110.5,11252.5,138.02
Madhya Pradesh,Gram,2021,30279.7,49726.5,5795.3,12233.1,12251.3,148.02
Madhya Pradesh,Gram,2022,29929.6,50789.3,5822.7,12194.3,11912.6,156.76
Madhya Pradesh,Gram,2023,34657.5,57110.7,5682.5,12758.0,16217.0,166.25
Maharashtra,Rice,2015,35711.2,60108.0,7294.4,14967.8,13449.0,100
Maharashtra,Rice,2016,39251.1,63776.8,6679.6,14266.8,18304.7,105.27
Maharashtra,Rice,2017,39967.1,64981.5,7610.3,12180.9,20175.9,113.54
Maharashtra,Rice,2018,43749.0,70202.7,9508.0,16179.3,18061.7,119.72
Maharashtra,Rice,2019,46689.9,75758.0,8494.8,17811.9,20383.2,128.37
Maharashtra,Rice,2020,49924.1,84667.4,9332.7,19284.5,21306.9,138.02
Maharashtra,Rice,2021,52872.5,88086.5,10418.9,19394.4,23059.2,148.02
Maharashtra,Rice,2022,55778.5,90280.7,9601.8,20628.6,25548.1,156.76
Maharashtra,Rice,2023,61287.2,102527.9,12766.4,19040.1,29480.7,166.25
Maharashtra,Wheat,2015,32562.7,53550.6,5461.2,9920.8,17180.7,100
Maharashtra,Wheat,2016,34319.6,55319.3,8019.2,11681.4,14619.0,105.27
Maharashtra,Wheat,2017,36757.7,59946.1,8056.1,14032.6,14669.0,113.54
Maharashtra,Wheat,2018,36010.7,60532.9,8292.5,10994.6,16723.6,119.72
Maharashtra,Wheat,2019,38766.8,65814.7,6975.2,15380.1,16411.5,128.37
Maharashtra,Wheat,2020,42515.8,68833.5,10128.0,15818.6,16569.2,138.02
Maharashtra,Wheat,2021,48399.2,80139.4,10132.2,19022.9,19244.1,148.02
Maharashtra,Wheat,2022,49615.1,81486.7,9665.6,19972.7,19976.8,156.76
Maharashtra,Wheat,2023,51661.3,82725.0,10903.6,19549.0,21208.7,166.25
Maharashtra,Maize,2015,27084.4,45389.9,5989.9,8641.6,12452.9,100
Maharashtra,Maize,2016,29444.5,48555.9,6939.6,10408.6,12096.3,105.27
Maharashtra,Maize,2017,30693.9,50842.5,7236.3,10322.3,13135.3,113.54
Maharashtra,Maize,2018,32540.7,53327.3,7534.6,11864.4,13141.7,119.72
Maharashtra,Maize,2019,34642.4,57936.4,5610.1,11306.8,17725.5,128.37
Maharashtra,Maize,2020,35591.8,57792.4,7623.6,10893.5,17074.7,138.02
Maharashtra,Maize,2021,41350.2,70092.8,9373.8,13066.6,18909.8,148.02
Maharashtra,Maize,2022,41639.7,70701.1,9732.9,16322.1,15584.7,156.76
Maharashtra,Maize,2023,42972.4,71330.5,9838.4,17398.9,15735.1,166.25
Maharashtra,Cotton,2015,40886.4,66949.6,7360.9,12765.7,20759.8,100
Maharashtra,Cotton,2016,45308.6,76660.5,8253.4,17158.5,19896.7,105.27
Maharashtra,Cotton,2017,45548.3,73462.9,8504.0,13916.1,23128.2,113.54
Maharashtra,Cotton,2018,52478.3,85864.7,11974.4,18689.0,21814.9,119.72
Maharashtra,Cotton,2019,55279.2,92885.8,10898.9,23076.5,21303.8,128.37
Maharashtra,Cotton,2020,56289.2,90432.1,11324.6,17494.4,27470.2,138.02
Maharashtra,Cotton,2021,61131.5,101407.9,10678.5,19378.6,31074.4,148.02
Maharashtra,Cotton,2022,64774.8,104925.0,12235.0,20013.4,32526.4,156.76
Maharashtra,Cotton,2023,73506.8,124782.2,17207.4,24451.1,31848.3,166.25
Maharashtra,Sugarcane,2015,98755.0,165570.7,18510.4,37733.2,42511.4,100
Maharashtra,Sugarcane,2016,100945.4,166848.8,17629.7,37193.2,46122.5,105.27
Maharashtra,Sugarcane,2017,110131.3,180193.2,23908.2,44911.4,41311.7,113.54
Maharashtra,Sugarcane,2018,112650.5,181193.2,20357.9,41317.2,50975.4,119.72
Maharashtra,Sugarcane,2019,115768.0,186465.2,20475.8,46789.6,48502.6,128.37
Maharashtra,Sugarcane,2020,131508.4,222241.9,30564.9,52934.8,48008.7,138.02
Maharashtra,Sugarcane,2021,139071.4,231644.5,26630.8,48708.4,63732.2,148.02
Maharashtra,Sugarcane,2022,139907.2,233381.1,32889.5,45978.3,61039.4,156.76
Maharashtra,Sugarcane,2023,156412.6,253386.7,35577.6,61506.6,59328.4,166.25
Maharashtra,Soyabean,2015,24473.1,40170.2,5007.8,9249.1,10216.2,100
Maharashtra,Soyabean,2016,27055.8,43376.5,6010.4,9043.5,12001.9,105.27
Maharashtra,Soyabean,2017,28579.2,46038.1,5240.7,10770.4,12568.1,113.54
Maharashtra,Soyabean,2018,30419.1,49704.2,6567.7,11356.4,12495.0,119.72
Maharashtra,Soyabean,2019,31435.8,52823.7,5432.8,11282.6,14720.4,128.37
Maharashtra,Soyabean,2020,34646.2,57319.0,7613.8,13465.4,13567.0,138.02
Maharashtra,Soyabean,2021,37481.1,60519.6,7726.6,13462.8,16291.7,148.02
Maharashtra,Soyabean,2022,39411.2,63972.7,8464.4,13562.7,17384.1,156.76
Maharashtra,Soyabean,2023,39539.6,65542.3,8813.5,12799.9,17926.2,166.25
Maharashtra,Groundnut,2015,37627.9,63040.3,7801.0,12553.2,17273.7,100
Maharashtra,Groundnut,2016,39237.7,65719.4,6597.6,15776.7,16863.4,105.27
Maharashtra,Groundnut,2017,40670.9,67922.2,9758.8,13020.1,17892.0,113.54
Maharashtra,Groundnut,2018,47254.6,75698.5,8129.0,19846.9,19278.7,119.72
Maharashtra,Groundnut,2019,48750.2,78380.3,8356.7,15798.5,24595.0,128.37
Maharashtra,Groundnut,2020,49589.2,83246.1,9113.8,15866.7,24608.7,138.02
Maharashtra,Groundnut,2021,57326.1,91835.0,10436.6,17535.9,29353.6,148.02
Maharashtra,Groundnut,2022,60707.7,100593.0,10148.2,20096.1,30463.4,156.76
Maharashtra,Groundnut,2023,61038.7,103206.0,9886.7,24337.3,26814.7,166.25
Maharashtra,Bajra,2015,19724.3,32102.4,4226.2,7755.2,7742.9,100
Maharashtra,Bajra,2016,20999.5,34705.9,4166.0,8298.7,8534.8,105.27
Maharashtra,Bajra,2017,23694.1,39311.7,5199.8,7161.3,11333.0,113.54
Maharashtra,Bajra,2018,23910.7,38775.5,5065.1,8905.0,9940.6,119.72
Maharashtra,Bajra,2019,26560.8,44357.0,4428.3,10781.0,11351.5,128.37
Maharashtra,Bajra,2020,28134.6,46239.4,5276.7,9177.8,13680.1,138.02
Maharashtra,Bajra,2021,28778.0,47754.8,4908.1,11894.1,11975.8,148.02
Maharashtra,Bajra,2022,29905.0,48535.1,4902.2,11888.0,13114.8,156.76
Maharashtra,Bajra,2023,34435.6,56067.8,6618.3,11340.9,16476.4,166.25
Maharashtra,Jowar,2015,21820.5,35066.7,4650.9,7809.9,9359.7,100
Maharashtra,Jowar,2016,21603.5,35767.1,4700.7,7849.7,9053.1,105.27
Maharashtra,Jowar,2017,24936.1,39974.9,4701.5,7606.7,12627.9,113.54
Maharashtra,Jowar,2018,25475.6,42447.3,5180.9,9502.5,10792.2,119.72
Maharashtra,Jowar,2019,27975.1,45728.7,6084.9,8780.1,13110.1,128.37
Maharashtra,Jowar,2020,28042.3,46663.2,6656.3,8774.0,12612.0,138.02
Maharashtra,Jowar,2021,31164.8,50529.7,6456.6,12052.9,12655.3,148.02
Maharashtra,Jowar,2022,32129.8,54085.5,7172.6,10248.9,14708.3,156.76
Maharashtra,Jowar,2023,36822.8,61320.1,6435.5,13718.1,16669.2,166.25
Maharashtra,Gram,2015,24520.5,40432.2,5334.8,7715.1,11470.6,100
Maharashtra,Gram,2016,23522.7,39923.7,5061.5,7159.3,11301.9,105.27
Maharashtra,Gram,2017,27631.5,46446.0,5657.5,11403.3,10570.7,113.54
Maharashtra,Gram,2018,27061.2,44179.6,6435.2,8581.8,12044.2,119.72
Maharashtra,Gram,2019,30448.1,51629.9,5995.8,10945.8,13506.5,128.37
Maharashtra,Gram,2020,33629.6,56423.0,6146.8,13146.2,14336.6,138.02
Maharashtra,Gram,2021,36017.5,60413.2,7316.0,13027.6,15673.9,148.02
Maharashtra,Gram,2022,37196.9,62380.2,8838.9,14008.4,14349.6,156.76
Maharashtra,Gram,2023,40310.9,66421.5,8326.0,16182.0,15802.9,166.25
Karnataka,Rice,2015,29144.5,47554.0,6397.2,9014.1,13733.2,100
Karnataka,Rice,2016,29488.2,47773.0,6426.0,8961.4,14100.8,105.27
Karnataka,Rice,2017,32065.2,51333.0,7005.6,12735.8,12323.8,113.54
Karnataka,Rice,2018,34506.0,55349.4,6932.9,10983.5,16589.6,119.72
Karnataka,Rice,2019,35757.7,58095.1,6494.8,13515.6,15747.3,128.37
Karnataka,Rice,2020,41691.6,70500.8,6678.2,16649.0,18364.4,138.02
Karnataka,Rice,2021,41993.5,70008.3,8335.5,15348.0,18310.0,148.02
Karnataka,Rice,2022,45541.5,74415.9,8505.9,15264.0,21771.6,156.76
Karnataka,Rice,2023,48545.2,80034.9,9184.1,18478.0,20883.1,166.25
Karnataka,Wheat,2015,24533.5,39308.1,4402.7,8941.1,11189.7,100
Karnataka,Wheat,2016,26191.7,44503.3,4332.1,9035.2,12824.4,105.27
Karnataka,Wheat,2017,29631.7,49060.1,6713.9,11992.3,10925.5,113.54
Karnataka,Wheat,2018,32124.6,54027.6,5427.0,12725.8,13971.8,119.72
Karnataka,Wheat,2019,31205.9,52329.1,6756.5,12626.3,11823.1,128.37
Karnataka,Wheat,2020,35545.0,57772.0,8359.1,12933.6,14252.3,138.02
Karnataka,Wheat,2021,37193.1,61227.6,8547.3,13958.1,14687.7,148.02
Karnataka,Wheat,2022,38381.2,63303.9,7054.9,14275.2,17051.1,156.76
Karnataka,Wheat,2023,41490.5,67642.8,9594.8,15899.3,15996.4,166.25
Karnataka,Maize,2015,22607.7,37155.5,4035.1,9444.0,9128.6,100
Karnataka,Maize,2016,23346.9,39217.3,4528.4,7093.6,11724.9,105.27
Karnataka,Maize,2017,23629.6,40055.8,3790.4,8906.5,10932.7,113.54
Karnataka,Maize,2018,25398.1,41502.4,5030.9,8102.4,12264.8,119.72
Karnataka,Maize,2019,29197.7,48704.7,4896.6,11345.2,12955.9,128.37
Karnataka,Maize,2020,31711.9,53115.0,7081.9,12372.1,12257.9,138.02
Karnataka,Maize,2021,31427.6,52115.7,6003.3,12534.9,12889.4,148.02
Karnataka,Maize,2022,34686.4,57187.8,6997.8,13940.5,13748.1,156.76
Karnataka,Maize,2023,37273.3,61225.7,8252.2,14601.4,14419.7,166.25
Karnataka,Cotton,2015,32879.4,53281.4,7530.7,10442.5,14906.2,100
Karnataka,Cotton,2016,37934.4,63001.9,8964.8,12087.0,16882.6,105.27
Karnataka,Cotton,2017,38982.3,66165.7,7872.3,14307.0,16803.0,113.54
Karnataka,Cotton,2018,43452.7,71746.4,9908.5,16388.4,17155.8,119.72
Karnataka,Cotton,2019,46978.0,78761.2,7685.6,17913.0,21379.4,128.37
Karnataka,Cotton,2020,45959.8,74476.2,7706.4,16451.8,21801.6,138.02
Karnataka,Cotton,2021,53851.0,87358.1,8976.3,19774.0,25100.7,148.02
Karnataka,Cotton,2022,51584.4,84600.8,10384.8,18744.3,22455.3,156.76
Karnataka,Cotton,2023,60707.6,97492.2,10497.0,24790.2,25420.4,166.25
Karnataka,Sugarcane,2015,80647.0,135176.9,17143.2,27041.3,36462.5,100
Karnataka,Sugarcane,2016,78574.1,133209.2,18387.7,32239.9,27946.5,105.27
Karnataka,Sugarcane,2017,84683.3,136962.4,17220.1,32429.4,35033.8,113.54
Karnataka,Sugarcane,2018,91912.9,154063.2,17372.7,36820.8,37719.4,119.72
Karnataka,Sugarcane,2019,102663.2,170218.8,18942.1,31938.5,51782.6,128.37
Karnataka,Sugarcane,2020,102801.3,167230.7,19107.2,41736.9,41957.2,138.02
Karnataka,Sugarcane,2021,115613.6,191233.4,21165.0,38086.3,56362.3,148.02
Karnataka,Sugarcane,2022,116723.4,195071.2,22232.3,42513.3,51977.8,156.76
Karnataka,Sugarcane,2023,123966.7,208034.7,21709.2,41739.6,60517.9,166.25
Karnataka,Soyabean,2015,20523.0,34284.7,3504.4,7713.0,9305.6,100
Karnataka,Soyabean,2016,21677.2,36789.9,3803.0,6609.9,11264.3,105.27
Karnataka,Soyabean,2017,23004.9,37674.4,4455.9,7579.8,10969.2,113.54
Karnataka,Soyabean,2018,23639.0,40001.6,4239.1,9571.3,9828.6,119.72
Karnataka,Soyabean,2019,25492.6,42507.7,5766.2,9858.5,9867.9,128.37
Karnataka,Soyabean,2020,27090.4,45362.0,6156.7,10431.2,10502.5,138.02
Karnataka,Soyabean,2021,30724.0,50985.8,5870.3,9712.6,15141.1,148.02
Karnataka,Soyabean,2022,32494.2,52729.0,5875.4,11265.5,15353.3,156.76
Karnataka,Soyabean,2023,32887.1,53478.9,6807.5,9917.8,16161.8,166.25
Karnataka,Groundnut,2015,30803.6,51174.8,7009.6,11447.2,12346.8,100
Karnataka,Groundnut,2016,34256.0,56559.2,6542.0,10857.1,16856.9,105.27
Karnataka,Groundnut,2017,36077.5,60395.6,7790.6,11516.9,16770.0,113.54
Karnataka,Groundnut,2018,36927.2,59436.9,8207.8,13629.9,15089.5,119.72
Karnataka,Groundnut,2019,37769.9,62773.6,7583.8,11908.7,18277.4,128.37
Karnataka,Groundnut,2020,43951.8,71155.5,8802.9,18117.8,17031.1,138.02
Karnataka,Groundnut,2021,46545.1,75934.0,7737.2,14792.1,24015.8,148.02
Karnataka,Groundnut,2022,50662.4,84617.6,11691.1,17766.5,21204.8,156.76
Karnataka,Groundnut,2023,50304.3,83857.8,11212.9,15258.7,23832.7,166.25
Karnataka,Bajra,2015,15647.4,26060.3,2703.6,5161.6,7782.2,100
Karnataka,Bajra,2016,17804.4,29460.8,3744.8,6623.3,7436.3,105.27
Karnataka,Bajra,2017,18588.1,30568.7,4430.2,6659.4,7498.5,113.54
Karnataka,Bajra,2018,19038.9,31781.8,4476.3,5994.7,8567.9,119.72
Karnataka,Bajra,2019,21778.6,35174.7,3623.5,7687.0,10468.1,128.37
Karnataka,Bajra,2020,21691.4,36405.9,3832.4,9105.8,8753.2,138.02
Karnataka,Bajra,2021,24563.5,41682.2,5566.0,8717.5,10280.0,148.02
Karnataka,Bajra,2022,24696.3,41159.2,5654.8,10318.9,8722.6,156.76
Karnataka,Bajra,2023,28154.2,45102.9,4678.9,11363.5,12111.8,166.25
Karnataka,Jowar,2015,17951.2,28772.3,4246.4,7363.8,6341.0,100
Karnataka,Jowar,2016,17539.2,28345.9,3114.3,5703.0,8721.9,105.27
Karnataka,Jowar,2017,19536.8,33035.5,3942.0,6537.8,9057.0,113.54
Karnataka,Jowar,2018,20775.2,34139.0,4290.8,6467.3,10017.1,119.72
Karnataka,Jowar,2019,21853.6,36450.8,4312.7,8590.2,8950.7,128.37
Karnataka,Jowar,2020,23812.6,39245.0,4273.9,9885.3,9653.4,138.02
Karnataka,Jowar,2021,24828.3,40014.9,4635.9,10044.0,10148.4,148.02
Karnataka,Jowar,2022,27243.5,45227.2,4931.2,10614.4,11697.9,156.76
Karnataka,Jowar,2023,29491.1,48009.1,5319.9,12247.6,11923.6,166.25
Karnataka,Gram,2015,19787.3,33388.5,3225.9,6311.9,10249.5,100
Karnataka,Gram,2016,21267.3,34583.2,3816.3,7926.1,9524.9,105.27
Karnataka,Gram,2017,20627.9,33804.8,4474.5,7347.6,8805.8,113.54
Karnataka,Gram,2018,23047.4,38477.5,4576.5,7647.2,10823.7,119.72
Karnataka,Gram,2019,23849.6,38488.6,4358.7,8478.2,11012.7,128.37
Karnataka,Gram,2020,27167.8,44110.1,6052.8,8658.9,12456.1,138.02
Karnataka,Gram,2021,29835.2,49536.5,6699.2,9792.8,13343.2,148.02
Karnataka,Gram,2022,28544.5,48260.1,6620.4,11658.9,10265.2,156.76
Karnataka,Gram,2023,31870.1,53470.3,5169.5,10876.4,15824.2,166.25
Tamil Nadu,Rice,2015,30450.4,49733.7,5638.2,10821.0,13991.2,100
Tamil Nadu,Rice,2016,35156.4,56537.0,6387.1,13931.5,14837.8,105.27
Tamil Nadu,Rice,2017,37066.5,60456.2,8180.7,12558.1,16327.7,113.54
Tamil Nadu,Rice,2018,39477.5,66129.5,7206.2,15091.5,17179.8,119.72
Tamil Nadu,Rice,2019,43056.1,70734.1,7927.7,14185.0,20943.4,128.37
Tamil Nadu,Rice,2020,45577.7,76745.0,8886.3,18112.7,18578.7,138.02
Tamil Nadu,Rice,2021,48300.5,79893.4,10705.5,18847.5,18747.5,148.02
Tamil Nadu,Rice,2022,50056.0,83312.5,11844.0,17301.2,20910.8,156.76
Tamil Nadu,Rice,2023,50951.1,86296.6,9600.7,21312.8,20037.6,166.25
Tamil Nadu,Wheat,2015,27802.2,46260.6,4865.6,8849.4,14087.2,100
Tamil Nadu,Wheat,2016,30931.7,50574.9,5358.7,11221.3,14351.7,105.27
Tamil Nadu,Wheat,2017,32202.5,52648.1,7580.5,13133.2,11488.8,113.54
Tamil Nadu,Wheat,2018,31886.6,52313.7,6397.7,12251.8,13237.1,119.72
Tamil Nadu,Wheat,2019,36269.3,58188.1,5993.6,11219.3,19056.4,128.37
Tamil Nadu,Wheat,2020,39008.8,64410.6,8349.2,13485.8,17173.8,138.02
Tamil Nadu,Wheat,2021,39711.3,65813.0,7919.9,15470.3,16321.1,148.02
Tamil Nadu,Wheat,2022,46131.4,78167.0,9167.7,19220.5,17743.2,156.76
Tamil Nadu,Wheat,2023,47150.6,78188.3,9009.4,17979.4,20161.8,166.25
Tamil Nadu,Maize,2015,23499.1,39667.7,4835.4,7928.4,10735.3,100
Tamil Nadu,Maize,2016,24529.8,39389.0,4360.9,9112.1,11056.8,105.27
Tamil Nadu,Maize,2017,25984.9,42622.1,5361.8,9611.9,11011.2,113.54
Tamil Nadu,Maize,2018,29815.7,48892.2,6662.0,11749.7,11404.0,119.72
Tamil Nadu,Maize,2019,31655.2,53767.2,5584.7,9841.9,16228.6,128.37
Tamil Nadu,Maize,2020,32065.5,52961.7,5829.8,12449.1,13786.6,138.02
Tamil Nadu,Maize,2021,36821.5,60910.3,7736.8,13804.9,15279.8,148.02
Tamil Nadu,Maize,2022,36019.2,60811.3,7980.1,13101.9,14937.2,156.76
Tamil Nadu,Maize,2023,39385.3,64444.1,8806.4,14531.5,16047.4,166.25
Tamil Nadu,Cotton,2015,38005.6,62182.8,6317.1,14767.1,16921.4,100
Tamil Nadu,Cotton,2016,42159.7,68553.0,8554.1,13989.7,19615.9,105.27
Tamil Nadu,Cotton,2017,41650.7,68730.6,9225.9,15454.9,16969.9,113.54
Tamil Nadu,Cotton,2018,46341.3,76791.9,8375.2,19205.2,18760.9,119.72
Tamil Nadu,Cotton,2019,47345.7,79009.1,8138.5,18688.4,20518.8,128.37
Tamil Nadu,Cotton,2020,54081.3,91070.2,12919.3,17246.3,23915.7,138.02
Tamil Nadu,Cotton,2021,54151.3,86671.8,8725.3,19044.3,26381.7,148.02
Tamil Nadu,Cotton,2022,60711.4,98785.5,14099.3,20559.0,26053.1,156.76
Tamil Nadu,Cotton,2023,61550.0,100171.2,13151.7,18846.7,29551.6,166.25
Tamil Nadu,Sugarcane,2015,83228.9,135386.4,16669.2,34262.9,32296.8,100
Tamil Nadu,Sugarcane,2016,92754.2,153610.4,21854.6,30283.6,40616.0,105.27
Tamil Nadu,Sugarcane,2017,98233.7,165994.2,19108.9,37632.9,41491.9,113.54
Tamil Nadu,Sugarcane,2018,107375.6,173297.2,24427.0,44791.3,38157.3,119.72
Tamil Nadu,Sugarcane,2019,110227.6,186695.8,22587.4,34105.4,53534.8,128.37
Tamil Nadu,Sugarcane,2020,121695.9,205092.6,25993.1,46275.1,49427.7,138.02
Tamil Nadu,Sugarcane,2021,132733.8,224344.9,24280.1,49944.4,58509.3,148.02
Tamil Nadu,Sugarcane,2022,131104.3,214219.1,30954.6,40741.6,59408.1,156.76
Tamil Nadu,Sugarcane,2023,135076.6,216737.4,24000.6,50010.4,61065.6,166.25
Tamil Nadu,Soyabean,2015,22725.8,36771.8,3839.7,7951.0,10935.1,100
Tamil Nadu,Soyabean,2016,23131.8,37706.0,4233.8,7916.8,10981.2,105.27
Tamil Nadu,Soyabean,2017,25938.2,43116.9,4315.3,8111.9,13511.0,113.54
Tamil Nadu,Soyabean,2018,25986.9,42572.0,4594.7,9037.1,12355.1,119.72
Tamil Nadu,Soyabean,2019,28782.6,47418.9,5739.2,10591.7,12451.7,128.37
Tamil Nadu,Soyabean,2020,29381.3,49274.7,5414.7,9727.3,14239.3,138.02
Tamil Nadu,Soyabean,2021,32184.4,52627.1,6154.0,12708.9,13321.5,148.02
Tamil Nadu,Soyabean,2022,34335.3,57188.6,8075.3,13516.3,12743.7,156.76
Tamil Nadu,Soyabean,2023,36027.4,60917.1,6282.6,13785.6,15959.2,166.25
Tamil Nadu,Groundnut,2015,35389.7,57165.9,5883.8,12681.6,16824.3,100
Tamil Nadu,Groundnut,2016,37518.3,60993.1,7213.1,12125.4,18179.8,105.27
Tamil Nadu,Groundnut,2017,39262.5,65156.4,9030.7,13313.3,16918.5,113.54
Tamil Nadu,Groundnut,2018,40210.7,67705.2,8556.7,15470.4,16183.6,119.72
Tamil Nadu,Groundnut,2019,46101.4,74374.1,8395.3,15295.2,22410.9,128.37
Tamil Nadu,Groundnut,2020,45395.0,74386.2,7440.0,14791.0,23164.0,138.02
Tamil Nadu,Groundnut,2021,47843.0,78738.6,9537.9,15158.0,23147.1,148.02
Tamil Nadu,Groundnut,2022,53123.4,87693.8,8515.0,16777.7,27830.7,156.76
Tamil Nadu,Groundnut,2023,58645.5,98731.0,11022.3,22592.5,25030.7,166.25
Tamil Nadu,Bajra,2015,18804.0,30967.1,3142.3,7651.9,8009.8,100
Tamil Nadu,Bajra,2016,18553.7,31049.3,3745.0,5808.2,9000.5,105.27
Tamil Nadu,Bajra,2017,21366.6,34603.2,4921.6,6542.0,9903.0,113.54
Tamil Nadu,Bajra,2018,22436.6,37813.0,4990.4,8386.5,9059.7,119.72
Tamil Nadu,Bajra,2019,22299.1,36474.5,3845.6,9358.9,9094.6,128.37
Tamil Nadu,Bajra,2020,24714.7,40068.5,4231.5,7760.8,12722.4,138.02
Tamil Nadu,Bajra,2021,26594.8,42713.4,5833.4,9942.0,10819.4,148.02
Tamil Nadu,Bajra,2022,28947.3,47958.3,4990.2,10814.0,13143.1,156.76
Tamil Nadu,Bajra,2023,28389.4,47302.6,6632.1,8767.6,12989.7,166.25
Tamil Nadu,Jowar,2015,18763.7,30428.0,3438.4,7357.7,7967.6,100
Tamil Nadu,Jowar,2016,19483.5,32423.3,4340.8,6758.4,8384.3,105.27
Tamil Nadu,Jowar,2017,21573.6,34706.2,5127.6,7672.5,8773.5,113.54
Tamil Nadu,Jowar,2018,23797.7,40109.5,4450.1,8878.7,10468.9,119.72
Tamil Nadu,Jowar,2019,24471.7,40550.9,5655.3,8191.5,10624.9,128.37
Tamil Nadu,Jowar,2020,27568.5,46532.1,5318.7,8734.2,13515.6,138.02
Tamil Nadu,Jowar,2021,28668.5,46856.6,6704.3,9469.9,12494.3,148.02
Tamil Nadu,Jowar,2022,29586.9,48087.9,6301.8,9373.2,13911.9,156.76
Tamil Nadu,Jowar,2023,31997.7,51818.9,5832.4,11169.2,14996.1,166.25
Tamil Nadu,Gram,2015,20224.7,34175.5,3542.6,7773.9,8908.2,100
Tamil Nadu,Gram,2016,22381.9,37946.7,4451.4,9102.1,8828.4,105.27
Tamil Nadu,Gram,2017,22629.7,37881.3,4449.6,8457.5,9722.6,113.54
Tamil Nadu,Gram,2018,24234.7,40104.9,5702.3,8855.8,9676.6,119.72
Tamil Nadu,Gram,2019,25960.8,43935.0,5257.7,10890.3,9812.8,128.37
Tamil Nadu,Gram,2020,28616.1,46607.6,5266.8,11779.2,11570.1,138.02
Tamil Nadu,Gram,2021,30184.8,50237.5,7144.1,9229.5,13811.2,148.02
Tamil Nadu,Gram,2022,31677.8,51635.0,7247.9,10514.0,13915.9,156.76
Tamil Nadu,Gram,2023,35052.0,57698.3,8126.9,12086.8,14838.3,166.25
West Bengal,Rice,2015,34210.1,56518.8,6696.7,12251.7,15261.7,100
West Bengal,Rice,2016,33649.7,54019.8,6219.0,11637.1,15793.6,105.27
West Bengal,Rice,2017,39075.2,63412.4,6617.7,11966.9,20490.6,113.54
West Bengal,Rice,2018,38034.6,61867.9,7097.8,14312.2,16624.6,119.72
West Bengal,Rice,2019,42959.7,69357.6,9382.3,14140.4,19437.0,128.37
West Bengal,Rice,2020,46347.1,77438.3,10890.4,18350.4,17106.3,138.02
West Bengal,Rice,2021,47775.0,78465.1,8680.5,16512.6,22581.9,148.02
West Bengal,Rice,2022,54221.6,90974.8,8765.7,17973.8,27482.1,156.76
West Bengal,Rice,2023,57150.3,92598.4,9928.6,18252.9,28968.8,166.25
West Bengal,Wheat,2015,28157.0,46842.6,4763.5,8749.3,14644.2,100
West Bengal,Wheat,2016,31951.2,54229.7,6719.4,11637.5,13594.3,105.27
West Bengal,Wheat,2017,31157.6,52028.9,5972.3,12205.1,12980.2,113.54
West Bengal,Wheat,2018,33523.4,55451.0,6045.0,13820.0,13658.4,119.72
West Bengal,Wheat,2019,37299.9,60254.3,6791.0,11836.4,18672.5,128.37
West Bengal,Wheat,2020,37986.5,62497.8,6555.2,14288.1,17143.2,138.02
West Bengal,Wheat,2021,44412.5,72142.7,7712.8,18375.5,18324.2,148.02
West Bengal,Wheat,2022,43676.1,70422.7,9037.9,15607.8,19030.4,156.76
West Bengal,Wheat,2023,46500.7,74550.3,8995.9,18943.3,18561.5,166.25
West Bengal,Maize,2015,26060.7,42857.4,4974.7,9314.8,11771.2,100
West Bengal,Maize,2016,25328.1,41661.2,5035.2,8646.1,11646.8,105.27
West Bengal,Maize,2017,26748.8,43674.8,5534.2,8288.6,12926.0,113.54
West Bengal,Maize,2018,28440.4,46356.4,5013.7,8739.0,14687.7,119.72
West Bengal,Maize,2019,31109.7,52323.2,5197.3,10546.9,15365.5,128.37
West Bengal,Maize,2020,36183.6,61227.5,6413.0,12901.3,16869.3,138.02
West Bengal,Maize,2021,38244.8,62780.5,7079.2,15937.1,15228.5,148.02
West Bengal,Maize,2022,40399.5,64735.8,8477.8,16516.9,15404.8,156.76
West Bengal,Maize,2023,41129.3,67295.6,8559.4,13284.5,19285.4,166.25
West Bengal,Cotton,2015,40210.6,66272.9,7540.5,13662.1,19008.0,100
West Bengal,Cotton,2016,39777.5,66280.3,6506.6,13166.6,20104.3,105.27
West Bengal,Cotton,2017,43272.1,70458.4,8701.9,16370.7,18199.5,113.54
West Bengal,Cotton,2018,46928.6,77651.2,9052.1,16856.0,21020.5,119.72
West Bengal,Cotton,2019,48358.8,78400.2,9951.1,14654.9,23752.8,128.37
West Bengal,Cotton,2020,53364.9,87879.9,11217.1,16108.0,26039.8,138.02
West Bengal,Cotton,2021,57210.6,91581.7,12273.8,23000.6,21936.2,148.02
West Bengal,Cotton,2022,62236.9,100374.9,10166.7,20406.4,31663.8,156.76
West Bengal,Cotton,2023,68389.9,113708.9,12946.6,26791.2,28652.1,166.25
West Bengal,Sugarcane,2015,89799.4,151442.2,17451.1,36783.6,35564.7,100
West Bengal,Sugarcane,2016,90358.1,151615.0,15574.8,27868.7,46914.6,105.27
West Bengal,Sugarcane,2017,97980.1,160514.0,21205.9,30132.0,46642.2,113.54
West Bengal,Sugarcane,2018,100673.1,164707.1,19293.6,35554.8,45824.7,119.72
West Bengal,Sugarcane,2019,116045.0,185734.7,24980.8,37372.8,53691.4,128.37
West Bengal,Sugarcane,2020,123112.6,199053.0,22677.3,37832.3,62603.0,138.02
West Bengal,Sugarcane,2021,130376.1,215759.0,21334.8,44953.0,64088.3,148.02
West Bengal,Sugarcane,2022,144971.8,232336.8,28956.4,57346.8,58668.6,156.76
West Bengal,Sugarcane,2023,147779.3,246227.4,34346.2,48464.3,64968.8,166.25
West Bengal,Soyabean,2015,22050.1,37060.8,4205.1,7704.1,10140.9,100
West Bengal,Soyabean,2016,24712.3,41392.3,4132.7,7766.9,12812.7,105.27
West Bengal,Soyabean,2017,25348.8,40740.5,5147.6,8729.5,11471.7,113.54
West Bengal,Soyabean,2018,26203.1,43334.3,5210.2,8159.6,12833.3,119.72
West Bengal,Soyabean,2019,30113.4,50772.6,5902.2,9269.2,14942.0,128.37
West Bengal,Soyabean,2020,32732.6,52449.3,5837.5,12158.4,14736.7,138.02
West Bengal,Soyabean,2021,35358.6,57446.7,6145.9,13259.8,15952.9,148.02
West Bengal,Soyabean,2022,37445.2,60899.9,8004.6,11803.3,17637.3,156.76
West Bengal,Soyabean,2023,39901.6,66788.4,6457.7,16138.6,17305.3,166.25
West Bengal,Groundnut,2015,36861.0,60206.8,7344.5,13401.6,16114.9,100
West Bengal,Groundnut,2016,37277.6,60304.8,7168.8,14792.0,15316.8,105.27
West Bengal,Groundnut,2017,39527.6,67032.3,7478.7,12152.7,19896.2,113.54
West Bengal,Groundnut,2018,42121.8,67556.9,6844.5,17137.7,18139.6,119.72
West Bengal,Groundnut,2019,47221.8,75945.6,9173.4,19236.7,18811.7,128.37
West Bengal,Groundnut,2020,47658.6,77734.8,11283.4,18106.2,18269.0,138.02
West Bengal,Groundnut,2021,53398.5,89154.9,9009.4,22133.7,22255.4,148.02
West Bengal,Groundnut,2022,53539.1,87555.1,12262.6,19191.3,22085.2,156.76
West Bengal,Groundnut,2023,58722.9,99737.0,10870.2,23286.3,24566.4,166.25
West Bengal,Bajra,2015,17818.9,29541.7,4094.6,5852.8,7871.5,100
West Bengal,Bajra,2016,20653.5,33232.1,4375.4,6205.4,10072.7,105.27
West Bengal,Bajra,2017,20097.5,33831.4,3850.9,6778.8,9467.8,113.54
West Bengal,Bajra,2018,23456.3,37722.1,5283.6,9214.3,8958.4,119.72
West Bengal,Bajra,2019,23797.3,38132.2,5566.1,8110.6,10120.6,128.37
West Bengal,Bajra,2020,25056.2,42347.1,4766.8,8777.2,11512.2,138.02
West Bengal,Bajra,2021,28295.3,46532.5,6733.8,9707.1,11854.4,148.02
West Bengal,Bajra,2022,27915.0,46798.2,5898.9,9422.6,12593.5,156.76
West Bengal,Bajra,2023,30555.0,48990.8,5676.2,12578.6,12300.2,166.25
West Bengal,Jowar,2015,19266.5,31440.9,3639.0,7445.1,8182.4,100
West Bengal,Jowar,2016,20027.0,32729.9,4445.3,7511.6,8070.1,105.27
West Bengal,Jowar,2017,23223.5,39332.8,5202.6,9503.9,8517.0,113.54
West Bengal,Jowar,2018,23614.7,39511.8,5265.1,9204.3,9145.3,119.72
West Bengal,Jowar,2019,24758.2,40859.3,4639.7,7729.3,12389.2,128.37
West Bengal,Jowar,2020,27467.6,45689.4,6406.3,10944.3,10117.0,138.02
West Bengal,Jowar,2021,28429.8,47828.8,5988.9,9063.7,13377.2,148.02
West Bengal,Jowar,2022,32306.7,52120.3,6716.3,10616.0,14974.4,156.76
West Bengal,Jowar,2023,33957.2,55993.4,7526.2,10884.8,15546.2,166.25
West Bengal,Gram,2015,22695.8,37620.5,4505.0,7901.7,10289.1,100
West Bengal,Gram,2016,23236.4,37535.9,5208.2,8737.9,9290.3,105.27
West Bengal,Gram,2017,23400.5,38857.8,4689.3,7311.9,11399.3,113.54
West Bengal,Gram,2018,26232.4,43320.5,6247.5,9334.2,10650.7,119.72
West Bengal,Gram,2019,29187.2,48546.5,6920.7,11278.6,10987.9,128.37
West Bengal,Gram,2020,29073.5,47150.6,5877.8,10464.3,12731.4,138.02
West Bengal,Gram,2021,30549.8,50421.0,7053.1,10732.5,12764.2,148.02
West Bengal,Gram,2022,32925.8,53636.0,5485.5,12359.6,15080.7,156.76
West Bengal,Gram,2023,36966.3,61742.2,6667.5,12198.4,18100.4,166.25
Bihar,Rice,2015,31535.1,53425.9,6255.3,11704.8,13575.0,100
Bihar,Rice,2016,30785.6,51752.4,6290.8,12421.9,12072.9,105.27
Bihar,Rice,2017,35930.9,60591.6,7855.7,12912.7,15162.5,113.54
Bihar,Rice,2018,35265.0,57488.8,8089.5,14311.4,12864.1,119.72
Bihar,Rice,2019,40757.2,66439.6,7459.3,12300.3,20997.6,128.37
Bihar,Rice,2020,41319.0,68279.1,9251.0,15296.8,16771.2,138.02
Bihar,Rice,2021,44915.8,74838.7,8305.3,16424.7,20185.8,148.02
Bihar,Rice,2022,48626.6,80206.2,10991.4,16911.9,20723.3,156.76
Bihar,Rice,2023,50273.2,81355.0,11250.4,16184.6,22838.2,166.25
Bihar,Wheat,2015,26215.7,42461.6,5632.3,8240.1,12343.3,100
Bihar,Wheat,2016,27339.2,46071.8,5959.2,10470.0,10910.0,105.27
Bihar,Wheat,2017,32288.5,53468.3,6106.2,11330.9,14851.4,113.54
Bihar,Wheat,2018,31016.0,51912.4,5103.2,11562.9,14349.9,119.72
Bihar,Wheat,2019,34669.9,58245.2,6114.5,14020.2,14535.2,128.37
Bihar,Wheat,2020,38533.9,62064.3,6193.1,15291.0,17049.8,138.02
Bihar,Wheat,2021,39920.7,65649.8,6880.0,16614.9,16425.8,148.02
Bihar,Wheat,2022,41879.0,69247.1,8036.6,13753.9,20088.5,156.76
Bihar,Wheat,2023,45691.9,76935.8,10534.4,17424.4,17733.1,166.25
Bihar,Maize,2015,24031.4,39260.5,4436.4,8251.6,11343.4,100
Bihar,Maize,2016,23734.4,39342.6,4117.6,8091.0,11525.8,105.27
Bihar,Maize,2017,25637.0,42293.3,5198.3,10674.6,9764.1,113.54
Bihar,Maize,2018,26624.7,45178.6,4960.1,8125.1,13539.5,119.72
Bihar,Maize,2019,28524.0,45896.2,6074.1,9059.2,13390.7,128.37
Bihar,Maize,2020,31941.1,53242.0,6395.7,10348.1,15197.3,138.02
Bihar,Maize,2021,35910.5,60323.0,8589.8,12376.1,14944.6,148.02
Bihar,Maize,2022,36718.0,58968.0,6283.1,14188.8,16246.1,156.76
Bihar,Maize,2023,37976.5,63547.3,6216.5,12648.0,19112.0,166.25
Bihar,Cotton,2015,37302.5,63068.0,7102.7,12509.6,17690.2,100
Bihar,Cotton,2016,38280.7,61504.8,7210.5,11819.6,19250.6,105.27
Bihar,Cotton,2017,42982.8,70506.6,9975.1,17212.1,15795.6,113.54
Bihar,Cotton,2018,45967.3,77958.4,10740.6,15725.2,19501.5,119.72
Bihar,Cotton,2019,49029.0,82215.9,8969.4,20205.3,19854.3,128.37
Bihar,Cotton,2020,51292.7,82636.1,9395.6,16660.2,25236.9,138.02
Bihar,Cotton,2021,56183.7,91620.7,10768.2,22087.9,23327.6,148.02
Bihar,Cotton,2022,59228.3,95484.5,10444.3,19007.4,29776.6,156.76
Bihar,Cotton,2023,63416.0,103136.7,13209.0,21205.5,29001.5,166.25
Bihar,Sugarcane,2015,81702.0,137347.4,14840.5,26822.0,40039.5,100
Bihar,Sugarcane,2016,86411.0,144849.3,18549.5,32792.8,35068.7,105.27
Bihar,Sugarcane,2017,88744.4,144506.2,20081.0,28688.6,39974.8,113.54
Bihar,Sugarcane,2018,100776.9,170468.8,23801.5,34485.8,42489.6,119.72
Bihar,Sugarcane,2019,110517.6,179557.0,19694.7,36984.2,53838.7,128.37
Bihar,Sugarcane,2020,109967.7,177954.3,24259.4,35768.0,49940.3,138.02
Bihar,Sugarcane,2021,125889.4,209582.7,23562.1,38268.0,64059.3,148.02
Bihar,Sugarcane,2022,124832.6,207920.8,24071.7,44127.6,56633.3,156.76
Bihar,Sugarcane,2023,139466.3,234996.8,23590.3,51802.7,64073.3,166.25
Bihar,Soyabean,2015,21752.4,35678.5,4586.5,8130.1,9035.8,100
Bihar,Soyabean,2016,21405.0,34564.7,4368.7,6889.1,10147.2,105.27
Bihar,Soyabean,2017,24367.0,41267.2,5269.0,7703.1,11394.9,113.54
Bihar,Soyabean,2018,24471.9,39536.9,5666.9,10145.4,8659.6,119.72
Bihar,Soyabean,2019,27118.6,44037.6,4734.7,9618.3,12765.6,128.37
Bihar,Soyabean,2020,30079.7,50182.8,7051.0,10387.0,12641.7,138.02
Bihar,Soyabean,2021,31816.5,53093.4,6970.4,11403.1,13443.0,148.02
Bihar,Soyabean,2022,32598.2,54734.2,7716.0,12202.3,12679.9,156.76
Bihar,Soyabean,2023,34145.0,55726.4,7666.1,14154.6,12324.3,166.25
Bihar,Groundnut,2015,33449.1,55993.2,7698.5,10483.4,15267.2,100
Bihar,Groundnut,2016,32893.1,55585.5,5999.8,12816.8,14076.5,105.27
Bihar,Groundnut,2017,37883.1,61367.7,6686.7,14053.2,17143.2,113.54
Bihar,Groundnut,2018,38362.1,61919.2,7142.0,14310.4,16909.7,119.72
Bihar,Groundnut,2019,41097.5,67137.2,9263.4,15786.0,16048.1,128.37
Bihar,Groundnut,2020,44002.7,71160.4,9100.9,16088.4,18813.4,138.02
Bihar,Groundnut,2021,46235.1,76477.0,7855.0,16392.1,21988.0,148.02
Bihar,Groundnut,2022,49776.1,83367.0,11208.5,20669.0,17898.6,156.76
Bihar,Groundnut,2023,52305.9,84735.8,11782.7,21155.3,19367.9,166.25
Bihar,Bajra,2015,17851.7,29614.9,3274.6,5753.4,8823.7,100
Bihar,Bajra,2016,18405.1,29771.5,3929.6,7048.9,7426.6,105.27
Bihar,Bajra,2017,20354.5,32859.8,4151.5,6422.7,9780.3,113.54
Bihar,Bajra,2018,20557.1,34580.6,3344.2,8618.6,8594.3,119.72
Bihar,Bajra,2019,22619.0,36685.3,5307.7,8727.5,8583.8,128.37
Bihar,Bajra,2020,23109.1,39252.9,4898.0,7266.4,10944.7,138.02
Bihar,Bajra,2021,25302.6,41123.1,5278.6,8166.7,11857.3,148.02
Bihar,Bajra,2022,27987.9,44923.0,4721.7,9470.6,13795.6,156.76
Bihar,Bajra,2023,29759.5,48981.6,6212.9,9241.1,14305.5,166.25
Bihar,Jowar,2015,17953.2,29710.2,3848.8,5471.7,8632.7,100
Bihar,Jowar,2016,19051.6,31815.5,3379.2,7775.7,7896.7,105.27
Bihar,Jowar,2017,20755.0,33313.1,4624.4,8408.8,7721.8,113.54
Bihar,Jowar,2018,22843.7,37154.5,3813.0,7819.1,11211.6,119.72
Bihar,Jowar,2019,23581.5,38553.1,5466.9,7171.4,10943.2,128.37
Bihar,Jowar,2020,24738.3,40880.8,4121.5,8126.3,12490.5,138.02
Bihar,Jowar,2021,28181.8,45553.8,6062.3,8480.5,13639.0,148.02
Bihar,Jowar,2022,28295.0,47432.8,4750.0,9760.7,13784.3,156.76
Bihar,Jowar,2023,31572.2,51669.7,7293.7,11147.1,13131.4,166.25
Bihar,Gram,2015,20682.0,34686.2,4785.1,8379.8,7517.1,100
Bihar,Gram,2016,20157.1,32499.0,3946.4,7246.0,8964.7,105.27
Bihar,Gram,2017,22187.2,35536.0,4387.3,7551.1,10248.8,113.54
Bihar,Gram,2018,23370.6,37778.0,4951.0,9097.7,9321.9,119.72
Bihar,Gram,2019,25790.3,41949.3,6162.6,9296.8,10330.9,128.37
Bihar,Gram,2020,28004.0,45360.6,4723.1,10468.9,12812.0,138.02
Bihar,Gram,2021,30675.4,51992.4,7048.6,10385.1,13241.7,148.02
Bihar,Gram,2022,30302.2,50714.9,7235.6,9465.8,13600.8,156.76
Bihar,Gram,2023,34590.7,57862.2,7575.6,14254.2,12760.9,166.25
Andhra Pradesh,Rice,2015,33756.8,55809.8,7531.7,12709.0,13516.1,100
Andhra Pradesh,Rice,2016,34713.5,58102.0,6548.7,12922.8,15242.0,105.27
Andhra Pradesh,Rice,2017,36308.4,58480.9,6835.2,13556.9,15916.3,113.54
Andhra Pradesh,Rice,2018,37696.7,62565.9,8744.6,15554.0,13398.1,119.72
Andhra Pradesh,Rice,2019,42878.8,70893.3,7459.4,17597.9,17821.5,128.37
Andhra Pradesh,Rice,2020,46945.1,76047.1,10257.6,19584.0,17103.5,138.02
Andhra Pradesh,Rice,2021,45255.6,76284.8,10711.0,17172.4,17372.2,148.02
Andhra Pradesh,Rice,2022,50738.2,85377.5,11265.2,21125.6,18347.4,156.76
Andhra Pradesh,Rice,2023,53857.1,89603.7,10457.7,17732.1,25667.3,166.25
Andhra Pradesh,Wheat,2015,27648.9,44967.5,5046.4,10455.9,12146.6,100
Andhra Pradesh,Wheat,2016,29812.4,50147.5,5201.1,10618.7,13992.6,105.27
Andhra Pradesh,Wheat,2017,32728.2,55276.9,6882.5,10330.4,15515.3,113.54
Andhra Pradesh,Wheat,2018,34336.4,58258.1,8139.9,11118.2,15078.3,119.72
Andhra Pradesh,Wheat,2019,37795.6,63782.4,6501.0,14339.9,16954.7,128.37
Andhra Pradesh,Wheat,2020,38830.9,64963.8,8794.0,14257.8,15779.1,138.02
Andhra Pradesh,Wheat,2021,41944.4,70445.8,7719.5,14087.7,20137.2,148.02
Andhra Pradesh,Wheat,2022,44139.4,72551.8,9050.6,16452.5,18636.3,156.76
Andhra Pradesh,Wheat,2023,45107.4,75122.1,10440.7,18284.1,16382.6,166.25
Andhra Pradesh,Maize,2015,24546.7,39463.2,5380.9,8778.8,10387.0,100
Andhra Pradesh,Maize,2016,24173.2,39245.7,3954.7,8108.4,12110.1,105.27
Andhra Pradesh,Maize,2017,28187.0,45922.2,5120.0,11432.9,11634.1,113.54
Andhra Pradesh,Maize,2018,27944.3,47433.0,5703.9,11207.9,11032.5,119.72
Andhra Pradesh,Maize,2019,30980.1,49640.5,6270.8,9750.5,14958.8,128.37
Andhra Pradesh,Maize,2020,34068.3,57299.2,6336.3,13465.9,14266.1,138.02
Andhra Pradesh,Maize,2021,35769.0,59574.3,5994.4,10914.6,18860.0,148.02
Andhra Pradesh,Maize,2022,39871.1,65185.1,7483.4,14320.8,18066.9,156.76
Andhra Pradesh,Maize,2023,40290.8,65085.1,8043.8,12466.3,19780.7,166.25
Andhra Pradesh,Cotton,2015,39766.4,64260.1,8105.6,14423.4,17237.4,100
Andhra Pradesh,Cotton,2016,42102.2,68533.1,9308.7,14351.9,18441.6,105.27
Andhra Pradesh,Cotton,2017,44447.0,72816.5,8872.9,17394.7,18179.4,113.54
Andhra Pradesh,Cotton,2018,45537.9,75871.3,8176.7,17631.1,19730.1,119.72
Andhra Pradesh,Cotton,2019,49383.1,83177.1,8286.1,19218.7,21878.3,128.37
Andhra Pradesh,Cotton,2020,50960.3,82648.3,8410.3,19098.8,23451.2,138.02
Andhra Pradesh,Cotton,2021,56912.9,92701.1,11959.0,18244.5,26709.4,148.02
Andhra Pradesh,Cotton,2022,60327.3,97047.3,10271.3,24539.3,25516.7,156.76
Andhra Pradesh,Cotton,2023,66826.0,112111.9,14095.1,25829.7,26901.2,166.25
Andhra Pradesh,Sugarcane,2015,85654.0,139475.0,15498.2,29931.5,40224.3,100
Andhra Pradesh,Sugarcane,2016,86909.3,142536.2,13985.2,27488.8,45435.3,105.27
Andhra Pradesh,Sugarcane,2017,99672.2,162791.1,20173.2,37860.3,41638.7,113.54
Andhra Pradesh,Sugarcane,2018,98464.2,164146.1,21906.2,35243.1,41314.9,119.72
Andhra Pradesh,Sugarcane,2019,110600.8,182121.5,25052.0,38615.9,46932.9,128.37
Andhra Pradesh,Sugarcane,2020,117071.9,194532.8,18938.5,48292.0,49841.4,138.02
Andhra Pradesh,Sugarcane,2021,120458.2,196375.5,26405.8,50001.4,44051.0,148.02
Andhra Pradesh,Sugarcane,2022,136047.0,230610.7,28524.8,51783.3,55738.9,156.76
Andhra Pradesh,Sugarcane,2023,143135.6,238279.9,30285.5,47148.0,65702.1,166.25
Andhra Pradesh,Soyabean,2015,21284.3,34858.5,4507.9,7248.1,9528.3,100
Andhra Pradesh,Soyabean,2016,23416.5,38200.6,5583.9,7085.5,10747.1,105.27
Andhra Pradesh,Soyabean,2017,24152.3,40284.6,3909.5,9190.6,11052.2,113.54
Andhra Pradesh,Soyabean,2018,25899.8,43365.2,4227.1,9425.2,12247.5,119.72
Andhra Pradesh,Soyabean,2019,27753.4,46966.3,5274.5,11354.0,11124.9,128.37
Andhra Pradesh,Soyabean,2020,31837.9,52011.5,7456.0,11183.9,13198.0,138.02
Andhra Pradesh,Soyabean,2021,31977.8,51834.9,6799.5,10202.4,14975.9,148.02
Andhra Pradesh,Soyabean,2022,36207.6,60342.6,5906.6,12272.7,18028.3,156.76
Andhra Pradesh,Soyabean,2023,38266.6,64054.2,6226.6,12696.4,19343.6,166.25
Andhra Pradesh,Groundnut,2015,35576.3,57237.4,5815.1,13204.7,16556.5,100
Andhra Pradesh,Groundnut,2016,35671.0,57715.7,8249.4,12287.4,15134.2,105.27
Andhra Pradesh,Groundnut,2017,39347.9,64988.6,8044.8,13759.5,17543.6,113.54
Andhra Pradesh,Groundnut,2018,42110.3,68898.3,7658.1,12897.1,21555.1,119.72
Andhra Pradesh,Groundnut,2019,45277.3,75767.3,9555.5,15391.2,20330.6,128.37
Andhra Pradesh,Groundnut,2020,49614.8,79443.6,9387.0,19854.8,20373.0,138.02
Andhra Pradesh,Groundnut,2021,49213.0,82909.2,8573.0,20144.5,20495.5,148.02
Andhra Pradesh,Groundnut,2022,53353.4,89870.0,8895.1,19190.9,25267.4,156.76
Andhra Pradesh,Groundnut,2023,57662.8,94910.6,13400.1,20391.4,23871.3,166.25
Andhra Pradesh,Bajra,2015,17214.8,27894.5,3439.0,5732.2,8043.6,100
Andhra Pradesh,Bajra,2016,18671.5,30783.3,4309.7,6898.2,7463.6,105.27
Andhra Pradesh,Bajra,2017,21694.3,36848.5,3546.4,6768.0,11379.9,113.54
Andhra Pradesh,Bajra,2018,20588.3,34700.3,3724.0,7499.3,9365.0,119.72
Andhra Pradesh,Bajra,2019,24087.6,40862.0,5350.5,8383.3,10353.8,128.37
Andhra Pradesh,Bajra,2020,25600.9,41186.0,5495.5,7852.5,12252.9,138.02
Andhra Pradesh,Bajra,2021,25467.3,42160.0,5547.1,9756.6,10163.6,148.02
Andhra Pradesh,Bajra,2022,27610.8,44827.3,6278.7,8670.6,12661.5,156.76
Andhra Pradesh,Bajra,2023,31529.2,51993.4,5347.9,9598.9,16582.4,166.25
Andhra Pradesh,Jowar,2015,19480.2,31332.2,3758.4,6626.4,9095.4,100
Andhra Pradesh,Jowar,2016,21166.7,35073.0,4315.4,8215.8,8635.5,105.27
Andhra Pradesh,Jowar,2017,21375.4,35439.8,3653.1,6586.8,11135.5,113.54
Andhra Pradesh,Jowar,2018,22552.2,37975.7,3661.8,7068.5,11821.9,119.72
Andhra Pradesh,Jowar,2019,25506.8,42083.6,5464.4,8261.5,11780.9,128.37
Andhra Pradesh,Jowar,2020,27061.5,44640.1,5450.2,9550.8,12060.5,138.02
Andhra Pradesh,Jowar,2021,27720.2,46574.6,6238.2,8773.7,12708.3,148.02
Andhra Pradesh,Jowar,2022,28541.3,47717.4,5136.7,10307.5,13097.1,156.76
Andhra Pradesh,Jowar,2023,32943.3,54064.8,6996.3,10543.2,15403.8,166.25
Andhra Pradesh,Gram,2015,21140.1,35872.1,3988.1,8309.4,8842.6,100
Andhra Pradesh,Gram,2016,21972.6,37178.3,4222.8,7131.2,10618.6,105.27
Andhra Pradesh,Gram,2017,24063.8,39417.7,4691.9,7652.1,11719.8,113.54
Andhra Pradesh,Gram,2018,25366.9,43068.3,5040.3,8899.6,11427.0,119.72
Andhra Pradesh,Gram,2019,26983.4,43278.2,6000.1,10538.1,10445.2,128.37
Andhra Pradesh,Gram,2020,30728.3,49353.7,6297.0,11669.7,12761.6,138.02
Andhra Pradesh,Gram,2021,31517.8,52937.8,6832.7,11587.0,13098.1,148.02
Andhra Pradesh,Gram,2022,32301.0,52820.8,6540.0,10600.3,15160.7,156.76
Andhra Pradesh,Gram,2023,33623.1,54758.9,7905.7,13705.7,12011.7,166.25
