State,District,Sample_Year,Nitrogen_kg_ha,Phosphorus_kg_ha,Potassium_kg_ha,pH,Organic_Carbon_pct,EC_dS_per_m
Punjab,Ludhiana,2015,280.1,18.5,211.9,7.57,0.51,0.99
Punjab,Ludhiana,2016,266.0,17.5,194.2,7.4,0.42,0.74
Punjab,Ludhiana,2017,230.7,19.7,193.9,7.59,0.36,1.2
Punjab,Ludhiana,2018,284.0,20.3,221.9,7.43,0.42,0.65
Punjab,Ludhiana,2019,234.4,20.9,203.8,7.52,0.51,0.24
Punjab,Ludhiana,2020,299.0,17.1,217.2,7.67,0.45,0.31
Punjab,Ludhiana,2021,228.2,20.3,194.1,8.02,0.39,1.17
Punjab,Ludhiana,2022,296.3,19.4,232.6,7.86,0.5,0.23
Punjab,Ludhiana,2023,263.1,20.0,191.6,8.14,0.53,0.55
Punjab,Amritsar,2015,270.0,17.1,257.9,7.71,0.36,0.2
Punjab,Amritsar,2016,291.9,22.0,220.3,7.79,0.46,0.92
Punjab,Amritsar,2017,251.1,18.9,224.9,7.9,0.39,0.29
Punjab,Amritsar,2018,261.5,21.4,209.1,7.88,0.41,0.21
Punjab,Amritsar,2019,238.3,20.5,241.5,7.7,0.49,0.84
Punjab,Amritsar,2020,306.7,21.7,213.6,8.19,0.54,0.75
Punjab,Amritsar,2021,305.5,18.0,211.3,7.6,0.53,0.28
Punjab,Amritsar,2022,238.6,20.5,241.3,7.79,0.52,0.16
Punjab,Amritsar,2023,254.1,16.4,214.6,7.54,0.36,0.47
Punjab,Patiala,2015,341.1,21.7,238.2,7.6,0.54,0.68
Punjab,Patiala,2016,318.3,15.6,216.3,8.07,0.51,1.07
Punjab,Patiala,2017,306.9,19.0,246.5,8.08,0.41,0.69
Punjab,Patiala,2018,277.9,21.9,199.8,7.95,0.54,0.13
Punjab,Patiala,2019,306.3,20.9,268.7,7.87,0.4,0.55
Punjab,Patiala,2020,338.9,23.1,209.9,7.48,0.37,0.13
Punjab,Patiala,2021,293.1,16.5,270.0,7.92,0.38,0.69
Punjab,Patiala,2022,282.2,19.6,216.9,7.53,0.39,0.52
Punjab,Patiala,2023,316.6,20.1,202.7,7.97,0.52,0.95
Punjab,Bathinda,2015,249.8,19.0,200.8,8.01,0.39,0.88
Punjab,Bathinda,2016,271.3,21.0,221.0,7.43,0.43,0.44
Punjab,Bathinda,2017,328.3,17.6,236.2,7.84,0.54,0.21
Punjab,Bathinda,2018,301.9,19.4,254.9,8.17,0.41,0.87
Punjab,Bathinda,2019,295.3,19.8,200.8,8.05,0.55,0.49
Punjab,Bathinda,2020,277.0,23.5,204.4,7.46,0.36,1.0
Punjab,Bathinda,2021,315.9,18.9,245.8,7.42,0.48,0.59
Punjab,Bathinda,2022,294.6,18.4,228.1,7.58,0.36,0.58
Punjab,Bathinda,2023,270.8,21.0,261.6,7.98,0.44,0.36
Haryana,Karnal,2015,254.2,17.0,233.1,7.57,0.4,0.64
Haryana,Karnal,2016,271.9,18.9,220.4,8.0,0.45,0.83
Haryana,Karnal,2017,282.7,17.5,213.8,7.7,0.48,0.52
Haryana,Karnal,2018,264.0,18.4,233.1,8.29,0.3,0.44
Haryana,Karnal,2019,240.8,15.3,176.9,7.94,0.32,0.43
Haryana,Karnal,2020,289.2,17.8,198.7,7.59,0.49,0.87
Haryana,Karnal,2021,232.7,14.9,211.0,8.05,0.35,1.15
Haryana,Karnal,2022,241.6,14.4,225.0,7.62,0.44,0.32
Haryana,Karnal,2023,262.7,14.5,192.9,8.25,0.39,0.58
Haryana,Hisar,2015,247.4,14.3,200.6,7.72,0.34,1.16
Haryana,Hisar,2016,227.9,19.0,239.8,8.06,0.3,0.65
Haryana,Hisar,2017,228.3,17.5,223.1,7.69,0.3,0.7
Haryana,Hisar,2018,232.7,15.3,205.6,8.22,0.37,0.25
Haryana,Hisar,2019,288.1,19.1,210.9,7.54,0.34,0.54
Haryana,Hisar,2020,269.0,14.7,230.4,8.17,0.49,1.07
Haryana,Hisar,2021,226.5,17.3,178.9,8.22,0.45,0.94
Haryana,Hisar,2022,240.1,13.5,231.3,7.99,0.42,0.62
Haryana,Hisar,2023,288.7,15.5,192.4,7.78,0.36,0.79
Haryana,Sirsa,2015,240.7,14.1,218.7,8.04,0.34,0.4
Haryana,Sirsa,2016,239.7,13.9,217.4,8.04,0.43,0.27
Haryana,Sirsa,2017,243.4,20.7,220.7,7.83,0.44,0.9
Haryana,Sirsa,2018,278.3,14.2,242.1,7.67,0.31,0.49
Haryana,Sirsa,2019,278.9,18.4,193.6,8.07,0.4,0.28
Haryana,Sirsa,2020,305.3,19.8,248.0,8.04,0.34,0.96
Haryana,Sirsa,2021,309.6,17.7,248.2,8.28,0.38,1.14
Haryana,Sirsa,2022,312.4,19.7,181.4,7.78,0.42,0.77
Haryana,Sirsa,2023,297.4,18.5,192.6,8.24,0.41,1.07
Haryana,Kurukshetra,2015,284.8,16.0,213.8,8.09,0.48,0.5
Haryana,Kurukshetra,2016,216.8,15.0,173.9,7.93,0.46,0.5
Haryana,Kurukshetra,2017,220.4,12.4,190.2,7.96,0.31,0.83
Haryana,Kurukshetra,2018,226.3,12.9,223.9,7.92,0.48,0.67
Haryana,Kurukshetra,2019,219.8,13.8,190.3,8.01,0.45,0.93
Haryana,Kurukshetra,2020,259.0,13.9,190.7,7.8,0.4,0.39
Haryana,Kurukshetra,2021,250.6,15.3,164.4,8.16,0.42,0.98
Haryana,Kurukshetra,2022,265.4,17.2,228.3,7.8,0.38,0.1
Haryana,Kurukshetra,2023,260.0,16.2,200.5,8.3,0.34,0.35
Uttar Pradesh,Meerut,2015,272.3,14.8,162.3,7.4,0.49,0.65
Uttar Pradesh,Meerut,2016,246.1,14.2,199.8,7.58,0.46,1.05
Uttar Pradesh,Meerut,2017,267.8,14.1,175.1,7.73,0.48,1.12
Uttar Pradesh,Meerut,2018,226.5,17.2,216.9,7.16,0.38,0.8
Uttar Pradesh,Meerut,2019,222.6,17.1,176.0,7.65,0.38,0.34
Uttar Pradesh,Meerut,2020,227.1,14.9,205.3,7.27,0.46,0.47
Uttar Pradesh,Meerut,2021,260.1,14.0,171.4,7.21,0.33,0.87
Uttar Pradesh,Meerut,2022,242.5,12.4,216.3,7.62,0.32,0.9
Uttar Pradesh,Meerut,2023,256.1,14.5,191.5,7.87,0.39,0.8
Uttar Pradesh,Kanpur Dehat,2015,235.3,13.7,204.9,7.61,0.41,0.67
Uttar Pradesh,Kanpur Dehat,2016,224.9,16.5,157.6,7.61,0.41,0.34
Uttar Pradesh,Kanpur Dehat,2017,251.6,15.2,161.9,7.49,0.35,0.98
Uttar Pradesh,Kanpur Dehat,2018,232.5,13.6,170.2,7.14,0.36,0.27
Uttar Pradesh,Kanpur Dehat,2019,254.3,16.9,170.5,7.19,0.43,0.23
Uttar Pradesh,Kanpur Dehat,2020,238.2,16.3,169.4,7.66,0.43,0.19
Uttar Pradesh,Kanpur Dehat,2021,226.3,15.3,162.5,7.26,0.44,1.0
Uttar Pradesh,Kanpur Dehat,2022,246.7,15.7,156.9,7.34,0.38,1.1
Uttar Pradesh,Kanpur Dehat,2023,234.7,16.5,158.5,7.5,0.5,0.95
Uttar Pradesh,Gorakhpur,2015,219.9,17.3,160.0,7.87,0.48,0.89
Uttar Pradesh,Gorakhpur,2016,245.3,12.4,176.7,7.63,0.45,0.53
Uttar Pradesh,Gorakhpur,2017,265.0,11.7,173.3,7.17,0.38,0.97
Uttar Pradesh,Gorakhpur,2018,261.5,12.3,174.6,7.19,0.45,0.59
Uttar Pradesh,Gorakhpur,2019,223.5,13.7,210.2,7.44,0.46,0.79
Uttar Pradesh,Gorakhpur,2020,241.1,14.9,178.2,7.26,0.42,0.43
Uttar Pradesh,Gorakhpur,2021,230.7,12.5,213.2,7.44,0.36,0.13
Uttar Pradesh,Gorakhpur,2022,222.2,16.9,176.4,7.63,0.37,0.82
Uttar Pradesh,Gorakhpur,2023,239.4,16.0,188.7,7.4,0.38,0.75
Uttar Pradesh,Bareilly,2015,267.3,15.0,182.9,7.81,0.49,0.26
Uttar Pradesh,Bareilly,2016,266.3,16.9,206.0,7.87,0.5,0.37
Uttar Pradesh,Bareilly,2017,290.4,14.0,186.3,7.88,0.35,0.53
Uttar Pradesh,Bareilly,2018,262.3,13.6,178.8,7.74,0.44,0.92
Uttar Pradesh,Bareilly,2019,274.7,17.6,220.4,7.76,0.52,0.65
Uttar Pradesh,Bareilly,2020,268.0,15.2,225.4,7.62,0.41,0.83
Uttar Pradesh,Bareilly,2021,237.2,12.7,186.8,7.21,0.32,0.2
Uttar Pradesh,Bareilly,2022,249.3,16.9,164.3,7.61,0.34,0.66
Uttar Pradesh,Bareilly,2023,237.3,14.8,208.4,7.43,0.4,0.9
Madhya Pradesh,Indore,2015,268.8,15.7,278.7,7.98,0.45,0.79
Madhya Pradesh,Indore,2016,265.7,15.7,279.7,7.31,0.47,1.13
Madhya Pradesh,Indore,2017,269.1,15.3,277.3,7.42,0.56,0.1
Madhya Pradesh,Indore,2018,268.1,12.3,237.0,7.37,0.41,0.98
Madhya Pradesh,Indore,2019,254.0,14.9,254.7,7.88,0.57,0.78
Madhya Pradesh,Indore,2020,253.6,16.1,215.7,7.94,0.46,0.38
Madhya Pradesh,Indore,2021,257.6,13.8,275.0,7.88,0.55,0.9
Madhya Pradesh,Indore,2022,259.9,13.3,233.4,7.55,0.57,1.2
Madhya Pradesh,Indore,2023,246.4,17.4,285.9,7.57,0.54,0.96
Madhya Pradesh,Ujjain,2015,294.9,17.7,286.0,7.93,0.42,0.89
Madhya Pradesh,Ujjain,2016,283.8,17.2,224.4,7.64,0.42,0.98
Madhya Pradesh,Ujjain,2017,304.0,11.6,236.7,7.31,0.53,0.79
Madhya Pradesh,Ujjain,2018,247.6,17.5,293.4,7.55,0.51,0.5
Madhya Pradesh,Ujjain,2019,294.0,14.0,248.0,7.8,0.44,0.43
Madhya Pradesh,Ujjain,2020,307.5,12.8,215.9,7.93,0.43,0.55
Madhya Pradesh,Ujjain,2021,269.0,13.1,240.4,7.63,0.42,0.69
Madhya Pradesh,Ujjain,2022,246.6,11.9,227.4,7.39,0.47,0.42
Madhya Pradesh,Ujjain,2023,313.8,15.6,250.8,7.82,0.54,0.45
Madhya Pradesh,Hoshangabad,2015,328.1,15.9,294.8,7.71,0.59,0.39
Madhya Pradesh,Hoshangabad,2016,321.3,18.9,274.0,7.92,0.42,0.9
Madhya Pradesh,Hoshangabad,2017,284.1,17.4,264.3,7.63,0.45,0.38
Madhya Pradesh,Hoshangabad,2018,339.1,16.6,283.4,7.29,0.46,1.16
Madhya Pradesh,Hoshangabad,2019,278.4,15.9,289.7,7.61,0.51,1.17
Madhya Pradesh,Hoshangabad,2020,331.4,13.9,265.0,7.54,0.54,0.84
Madhya Pradesh,Hoshangabad,2021,283.7,17.0,265.1,7.21,0.46,0.51
Madhya Pradesh,Hoshangabad,2022,277.8,16.8,317.1,7.95,0.53,1.04
Madhya Pradesh,Hoshangabad,2023,304.8,16.3,307.9,7.25,0.47,0.51
Madhya Pradesh,Sehore,2015,286.0,12.1,275.6,7.97,0.45,0.3
Madhya Pradesh,Sehore,2016,277.9,16.9,235.5,7.82,0.43,0.75
Madhya Pradesh,Sehore,2017,311.8,16.1,222.9,7.97,0.57,0.63
Madhya Pradesh,Sehore,2018,323.9,15.6,230.3,7.52,0.56,0.61
Madhya Pradesh,Sehore,2019,252.2,12.8,231.9,7.67,0.53,0.59
Madhya Pradesh,Sehore,2020,283.9,18.0,245.8,7.74,0.44,0.67
Madhya Pradesh,Sehore,2021,264.3,12.4,245.2,7.29,0.48,0.82
Madhya Pradesh,Sehore,2022,296.7,16.9,257.7,7.27,0.55,0.54
Madhya Pradesh,Sehore,2023,314.4,18.1,261.9,7.4,0.47,0.65
Maharashtra,Nashik,2015,230.8,16.2,251.6,7.45,0.53,1.07
Maharashtra,Nashik,2016,285.9,16.3,250.7,6.84,0.54,0.88
Maharashtra,Nashik,2017,243.7,16.7,220.3,7.44,0.47,0.96
Maharashtra,Nashik,2018,295.5,19.0,229.1,7.07,0.57,1.09
Maharashtra,Nashik,2019,237.8,15.9,262.4,7.41,0.44,0.59
Maharashtra,Nashik,2020,298.5,13.9,220.5,7.33,0.56,1.14
Maharashtra,Nashik,2021,259.8,19.1,277.4,7.06,0.43,0.39
Maharashtra,Nashik,2022,284.4,14.2,242.7,7.54,0.42,0.79
Maharashtra,Nashik,2023,264.5,20.4,240.0,7.19,0.56,0.93
Maharashtra,Pune,2015,277.9,15.7,269.2,7.57,0.48,0.56
Maharashtra,Pune,2016,233.8,14.8,208.7,6.93,0.53,0.16
Maharashtra,Pune,2017,262.2,17.1,250.7,7.25,0.57,0.41
Maharashtra,Pune,2018,223.6,17.0,213.8,7.59,0.56,0.86
Maharashtra,Pune,2019,280.2,14.6,230.8,7.11,0.45,0.51
Maharashtra,Pune,2020,253.0,17.5,194.4,7.23,0.41,1.17
Maharashtra,Pune,2021,258.6,17.1,217.4,7.36,0.52,1.1
Maharashtra,Pune,2022,260.8,14.8,242.2,6.84,0.53,0.44
Maharashtra,Pune,2023,271.4,13.8,239.8,6.94,0.39,0.39
Maharashtra,Kolhapur,2015,275.5,18.6,285.5,7.58,0.43,0.86
Maharashtra,Kolhapur,2016,309.2,20.8,246.1,7.18,0.54,0.38
Maharashtra,Kolhapur,2017,283.8,19.5,290.9,7.0,0.51,0.34
Maharashtra,Kolhapur,2018,255.7,18.2,272.8,7.31,0.57,0.28
Maharashtra,Kolhapur,2019,287.6,18.2,238.3,7.53,0.41,0.39
Maharashtra,Kolhapur,2020,245.7,19.6,273.7,6.98,0.56,0.8
Maharashtra,Kolhapur,2021,259.5,22.0,291.0,7.05,0.55,0.24
Maharashtra,Kolhapur,2022,272.0,17.7,300.1,7.04,0.46,0.33
Maharashtra,Kolhapur,2023,312.4,15.8,290.5,7.07,0.49,1.06
Maharashtra,Nagpur,2015,262.2,17.8,243.1,7.13,0.51,0.45
Maharashtra,Nagpur,2016,233.0,13.2,245.4,7.26,0.54,0.27
Maharashtra,Nagpur,2017,273.4,16.4,238.8,7.47,0.48,0.58
Maharashtra,Nagpur,2018,271.3,14.2,267.0,7.21,0.39,0.63
Maharashtra,Nagpur,2019,294.7,20.3,230.9,7.01,0.57,0.41
Maharashtra,Nagpur,2020,222.3,14.9,234.4,7.34,0.39,0.47
Maharashtra,Nagpur,2021,277.7,15.6,210.6,7.37,0.47,0.86
Maharashtra,Nagpur,2022,258.7,19.1,237.8,7.58,0.54,0.89
Maharashtra,Nagpur,2023,259.2,17.6,226.8,6.86,0.56,0.99
Karnataka,Belagavi,2015,265.7,14.2,237.4,6.58,0.65,0.19
Karnataka,Belagavi,2016,231.1,14.3,225.1,6.62,0.61,0.51
Karnataka,Belagavi,2017,252.6,15.7,210.0,6.22,0.58,0.1
Karnataka,Belagavi,2018,225.6,11.5,221.3,6.33,0.59,0.18
Karnataka,Belagavi,2019,218.7,15.1,232.5,6.26,0.57,0.54
Karnataka,Belagavi,2020,248.6,11.3,169.6,6.26,0.63,0.64
Karnataka,Belagavi,2021,247.9,11.7,216.0,6.92,0.49,0.96
Karnataka,Belagavi,2022,264.9,16.9,207.6,6.72,0.52,0.96
Karnataka,Belagavi,2023,226.2,14.6,211.9,6.99,0.61,0.21
Karnataka,Mysuru,2015,208.8,12.1,198.4,6.41,0.56,0.6
Karnataka,Mysuru,2016,205.4,13.4,180.5,6.98,0.48,1.09
Karnataka,Mysuru,2017,227.1,12.4,158.1,6.72,0.61,0.48
Karnataka,Mysuru,2018,232.0,12.8,158.8,6.89,0.51,0.63
Karnataka,Mysuru,2019,235.2,14.7,207.0,6.49,0.62,0.27
Karnataka,Mysuru,2020,221.5,12.3,207.8,6.78,0.58,0.99
Karnataka,Mysuru,2021,208.1,12.3,159.6,6.48,0.49,0.9
Karnataka,Mysuru,2022,193.9,14.9,191.0,6.56,0.47,0.59
Karnataka,Mysuru,2023,222.3,10.7,214.7,6.49,0.54,0.41
Karnataka,Raichur,2015,210.2,15.1,162.9,6.49,0.57,0.63
Karnataka,Raichur,2016,213.5,13.0,162.3,6.45,0.54,0.94
Karnataka,Raichur,2017,220.6,12.6,200.8,6.42,0.56,0.31
Karnataka,Raichur,2018,233.2,13.3,200.8,6.9,0.61,1.19
Karnataka,Raichur,2019,207.3,15.7,187.2,6.49,0.54,1.11
Karnataka,Raichur,2020,256.0,14.8,177.8,6.3,0.49,0.84
Karnataka,Raichur,2021,239.0,10.6,158.5,7.0,0.52,0.15
Karnataka,Raichur,2022,223.0,10.7,211.3,6.62,0.57,1.12
Karnataka,Raichur,2023,200.0,11.4,209.5,6.69,0.54,0.49
Karnataka,Davanagere,2015,265.7,16.3,226.8,6.98,0.48,0.13
Karnataka,Davanagere,2016,257.5,12.1,200.0,6.57,0.64,0.59
Karnataka,Davanagere,2017,208.7,11.8,225.8,6.85,0.48,1.16
Karnataka,Davanagere,2018,225.4,14.9,202.9,6.89,0.55,0.13
Karnataka,Davanagere,2019,238.4,15.7,192.4,6.86,0.54,0.49
Karnataka,Davanagere,2020,224.5,12.0,198.5,6.97,0.57,0.94
Karnataka,Davanagere,2021,211.8,12.8,203.9,6.51,0.45,1.05
Karnataka,Davanagere,2022,208.3,14.5,231.0,6.43,0.5,0.46
Karnataka,Davanagere,2023,237.4,16.4,174.4,6.4,0.63,0.4
Tamil Nadu,Thanjavur,2015,229.9,9.9,185.3,7.11,0.6,0.86
Tamil Nadu,Thanjavur,2016,213.5,10.4,223.0,6.59,0.48,0.14
Tamil Nadu,Thanjavur,2017,216.6,12.4,204.7,6.68,0.43,0.13
Tamil Nadu,Thanjavur,2018,191.5,15.3,185.8,7.07,0.51,0.75
Tamil Nadu,Thanjavur,2019,203.0,15.3,244.2,6.82,0.51,1.11
Tamil Nadu,Thanjavur,2020,193.4,14.7,230.0,6.95,0.53,0.75
Tamil Nadu,Thanjavur,2021,189.1,11.2,210.0,6.68,0.44,0.88
Tamil Nadu,Thanjavur,2022,210.5,14.0,212.9,7.25,0.47,0.66
Tamil Nadu,Thanjavur,2023,210.6,14.2,193.1,6.94,0.51,0.79
Tamil Nadu,Coimbatore,2015,203.6,14.3,178.1,7.28,0.61,0.59
Tamil Nadu,Coimbatore,2016,175.8,11.8,238.6,6.5,0.57,0.96
Tamil Nadu,Coimbatore,2017,177.8,12.3,181.3,6.58,0.52,0.43
Tamil Nadu,Coimbatore,2018,210.6,11.9,187.0,7.24,0.42,0.98
Tamil Nadu,Coimbatore,2019,187.9,13.8,213.6,6.87,0.46,1.04
Tamil Nadu,Coimbatore,2020,222.6,14.2,212.4,7.24,0.6,0.83
Tamil Nadu,Coimbatore,2021,191.3,12.3,195.0,7.15,0.53,1.05
Tamil Nadu,Coimbatore,2022,224.7,13.1,185.2,6.77,0.44,0.47
Tamil Nadu,Coimbatore,2023,180.4,10.7,226.7,6.6,0.6,1.11
Tamil Nadu,Salem,2015,201.9,11.7,221.3,7.0,0.61,0.12
Tamil Nadu,Salem,2016,191.9,14.6,188.0,7.21,0.46,1.17
Tamil Nadu,Salem,2017,217.2,13.4,249.5,7.16,0.5,0.61
Tamil Nadu,Salem,2018,238.1,11.5,209.6,7.2,0.6,1.01
Tamil Nadu,Salem,2019,208.9,11.9,194.2,7.17,0.43,0.3
Tamil Nadu,Salem,2020,187.8,12.6,262.6,6.56,0.47,0.4
Tamil Nadu,Salem,2021,232.3,12.0,199.6,7.05,0.6,0.28
Tamil Nadu,Salem,2022,190.4,12.3,257.9,6.55,0.45,0.81
Tamil Nadu,Salem,2023,236.3,12.6,189.7,6.94,0.44,0.18
Tamil Nadu,Erode,2015,220.7,9.4,198.3,7.16,0.46,0.53
Tamil Nadu,Erode,2016,212.3,11.8,179.1,6.93,0.62,1.0
Tamil Nadu,Erode,2017,222.2,9.0,169.8,6.9,0.42,1.16
Tamil Nadu,Erode,2018,182.9,11.7,225.8,6.84,0.57,0.27
Tamil Nadu,Erode,2019,191.9,12.6,197.8,6.65,0.59,0.49
Tamil Nadu,Erode,2020,219.3,10.5,222.3,6.6,0.55,1.15
Tamil Nadu,Erode,2021,202.6,11.0,232.8,7.27,0.58,0.34
Tamil Nadu,Erode,2022,171.1,12.0,175.0,6.55,0.53,1.14
Tamil Nadu,Erode,2023,181.7,13.0,231.4,7.25,0.44,0.25
West Bengal,Bardhaman,2015,244.5,18.8,156.8,6.17,0.52,0.21
West Bengal,Bardhaman,2016,192.7,22.7,168.2,6.27,0.53,1.09
West Bengal,Bardhaman,2017,233.1,20.8,182.2,6.14,0.52,1.13
West Bengal,Bardhaman,2018,210.7,22.1,197.1,5.62,0.55,0.13
West Bengal,Bardhaman,2019,229.8,19.3,189.0,6.17,0.7,0.3
West Bengal,Bardhaman,2020,209.0,24.8,172.6,5.74,0.63,0.97
West Bengal,Bardhaman,2021,211.2,20.9,153.8,5.92,0.67,0.49
West Bengal,Bardhaman,2022,243.8,20.6,174.5,6.22,0.68,1.03
West Bengal,Bardhaman,2023,209.6,21.5,153.7,6.03,0.66,0.31
West Bengal,Hooghly,2015,168.8,19.5,158.1,6.39,0.63,1.11
West Bengal,Hooghly,2016,176.6,19.4,170.1,5.66,0.61,0.79
West Bengal,Hooghly,2017,166.6,17.3,174.6,5.73,0.63,0.56
West Bengal,Hooghly,2018,187.7,23.2,153.5,6.3,0.66,0.71
West Bengal,Hooghly,2019,170.9,18.4,183.9,5.81,0.62,0.32
West Bengal,Hooghly,2020,207.6,21.5,180.3,6.07,0.52,0.98
West Bengal,Hooghly,2021,198.5,23.8,160.2,5.86,0.59,0.72
West Bengal,Hooghly,2022,205.7,21.1,178.8,6.03,0.54,1.04
West Bengal,Hooghly,2023,206.4,16.9,157.0,6.28,0.62,0.23
West Bengal,Murshidabad,2015,226.4,18.8,185.1,6.29,0.62,1.14
West Bengal,Murshidabad,2016,214.1,17.1,183.0,6.26,0.68,0.93
West Bengal,Murshidabad,2017,239.8,24.6,172.0,5.65,0.53,0.15
West Bengal,Murshidabad,2018,238.7,24.6,197.7,6.22,0.59,0.72
West Bengal,Murshidabad,2019,181.6,18.5,167.7,5.64,0.56,0.67
West Bengal,Murshidabad,2020,190.2,18.6,149.0,5.97,0.67,0.59
West Bengal,Murshidabad,2021,224.7,23.8,191.6,6.24,0.6,0.15
West Bengal,Murshidabad,2022,190.7,19.6,163.9,6.08,0.6,0.42
West Bengal,Murshidabad,2023,190.6,24.0,203.0,6.16,0.53,0.86
West Bengal,Nadia,2015,212.0,22.7,193.1,5.98,0.64,0.29
West Bengal,Nadia,2016,230.7,22.2,153.7,6.1,0.66,0.59
West Bengal,Nadia,2017,197.8,23.5,200.9,6.37,0.56,0.63
West Bengal,Nadia,2018,201.8,18.1,174.6,5.83,0.6,1.01
West Bengal,Nadia,2019,213.1,26.1,154.4,5.75,0.51,0.88
West Bengal,Nadia,2020,196.1,18.8,179.9,6.39,0.65,1.15
West Bengal,Nadia,2021,236.7,21.7,155.4,6.21,0.54,0.18
West Bengal,Nadia,2022,201.7,23.7,179.7,5.93,0.53,0.29
West Bengal,Nadia,2023,215.9,21.4,174.4,6.19,0.61,1.05
Bihar,Rohtas,2015,236.1,15.4,186.2,7.1,0.38,0.89
Bihar,Rohtas,2016,230.6,13.0,179.1,7.16,0.35,0.12
Bihar,Rohtas,2017,242.8,18.6,207.5,7.38,0.39,0.8
Bihar,Rohtas,2018,218.5,14.5,175.1,7.01,0.36,1.18
Bihar,Rohtas,2019,205.5,19.8,198.1,7.49,0.36,0.85
Bihar,Rohtas,2020,213.7,16.5,183.0,7.62,0.36,0.11
Bihar,Rohtas,2021,240.7,16.6,195.4,6.97,0.41,0.88
Bihar,Rohtas,2022,241.3,15.1,154.7,6.94,0.52,0.4
Bihar,Rohtas,2023,204.6,14.9,167.6,7.33,0.35,0.69
Bihar,Patna,2015,227.6,16.4,162.6,7.21,0.49,0.41
Bihar,Patna,2016,247.2,13.6,177.0,7.62,0.47,0.4
Bihar,Patna,2017,216.1,14.2,193.6,7.19,0.51,0.87
Bihar,Patna,2018,247.5,15.9,165.1,7.45,0.43,0.16
Bihar,Patna,2019,221.8,13.6,152.4,7.11,0.53,0.84
Bihar,Patna,2020,220.7,16.3,171.5,7.35,0.39,1.04
Bihar,Patna,2021,245.0,15.4,181.8,7.2,0.49,1.02
Bihar,Patna,2022,253.9,13.0,203.2,7.07,0.36,0.55
Bihar,Patna,2023,235.1,13.1,187.1,7.67,0.5,1.01
Bihar,Gaya,2015,197.8,12.9,157.4,7.61,0.54,0.39
Bihar,Gaya,2016,211.8,15.2,191.3,7.26,0.36,0.21
Bihar,Gaya,2017,185.9,14.4,141.8,7.45,0.38,0.15
Bihar,Gaya,2018,221.7,14.3,179.1,7.36,0.42,0.18
Bihar,Gaya,2019,230.0,15.7,151.3,6.97,0.47,1.12
Bihar,Gaya,2020,223.1,17.2,192.5,7.0,0.38,0.61
Bihar,Gaya,2021,183.7,14.4,182.5,7.11,0.5,0.38
Bihar,Gaya,2022,227.7,11.8,143.3,6.94,0.46,0.12
Bihar,Gaya,2023,220.1,14.0,187.5,7.21,0.51,0.93
Bihar,Muzaffarpur,2015,233.6,15.7,176.2,7.24,0.37,0.67
Bihar,Muzaffarpur,2016,216.8,14.6,198.9,7.04,0.52,0.71
Bihar,Muzaffarpur,2017,189.6,15.5,152.5,7.3,0.44,0.95
Bihar,Muzaffarpur,2018,242.1,12.2,192.7,7.65,0.37,0.19
Bihar,Muzaffarpur,2019,213.3,12.0,148.9,7.31,0.38,0.76
Bihar,Muzaffarpur,2020,196.7,16.2,178.0,6.96,0.48,1.11
Bihar,Muzaffarpur,2021,247.5,12.0,181.7,7.16,0.42,0.61
Bihar,Muzaffarpur,2022,186.4,15.9,149.2,7.58,0.36,0.78
Bihar,Muzaffarpur,2023,219.0,12.0,148.2,7.3,0.42,0.27
Andhra Pradesh,Krishna,2015,185.1,15.3,163.9,7.01,0.38,1.0
Andhra Pradesh,Krishna,2016,217.6,15.7,180.1,7.18,0.44,0.79
Andhra Pradesh,Krishna,2017,221.1,11.4,158.1,6.96,0.41,0.34
Andhra Pradesh,Krishna,2018,200.9,11.5,172.5,6.56,0.38,1.0
Andhra Pradesh,Krishna,2019,222.1,14.8,183.3,7.14,0.47,0.71
Andhra Pradesh,Krishna,2020,172.4,12.6,169.0,6.93,0.55,0.79
Andhra Pradesh,Krishna,2021,190.4,15.4,160.3,7.04,0.37,1.16
Andhra Pradesh,Krishna,2022,216.7,16.3,186.0,6.93,0.44,0.93
Andhra Pradesh,Krishna,2023,203.6,13.2,206.5,7.15,0.42,0.38
Andhra Pradesh,Guntur,2015,220.7,14.6,219.2,6.63,0.45,0.4
Andhra Pradesh,Guntur,2016,228.0,17.5,235.1,7.14,0.55,0.39
Andhra Pradesh,Guntur,2017,251.4,16.8,224.9,6.79,0.54,0.72
Andhra Pradesh,Guntur,2018,262.5,12.8,205.2,6.51,0.5,0.6
Andhra Pradesh,Guntur,2019,219.5,14.4,214.5,6.65,0.46,0.79
Andhra Pradesh,Guntur,2020,198.6,13.6,217.5,6.93,0.48,0.91
Andhra Pradesh,Guntur,2021,227.4,18.3,235.4,6.8,0.47,0.99
Andhra Pradesh,Guntur,2022,216.7,14.0,215.6,6.8,0.37,0.65
Andhra Pradesh,Guntur,2023,261.1,18.0,218.6,6.96,0.43,0.18
Andhra Pradesh,West Godavari,2015,228.8,15.8,218.3,7.18,0.42,0.73
Andhra Pradesh,West Godavari,2016,242.0,16.3,239.6,6.43,0.52,0.14
Andhra Pradesh,West Godavari,2017,213.7,14.1,231.8,7.11,0.47,0.71
Andhra Pradesh,West Godavari,2018,237.3,12.0,201.0,6.76,0.37,0.44
Andhra Pradesh,West Godavari,2019,211.2,12.6,187.9,6.7,0.49,1.04
Andhra Pradesh,West Godavari,2020,213.8,17.0,225.4,6.48,0.4,1.07
Andhra Pradesh,West Godavari,2021,201.7,15.9,216.2,7.05,0.52,1.0
Andhra Pradesh,West Godavari,2022,201.4,16.6,238.7,6.93,0.55,0.19
Andhra Pradesh,West Godavari,2023,223.8,18.2,196.0,6.68,0.42,0.51
Andhra Pradesh,Kurnool,2015,213.0,12.7,197.7,7.14,0.43,0.37
Andhra Pradesh,Kurnool,2016,239.2,15.5,217.4,7.13,0.56,0.43
Andhra Pradesh,Kurnool,2017,180.8,15.7,208.5,6.71,0.54,0.98
Andhra Pradesh,Kurnool,2018,217.1,14.9,192.2,6.55,0.42,0.9
Andhra Pradesh,Kurnool,2019,212.3,14.3,208.1,7.15,0.38,0.2
Andhra Pradesh,Kurnool,2020,229.8,12.4,202.3,6.81,0.49,0.8
Andhra Pradesh,Kurnool,2021,206.2,14.8,227.0,7.07,0.45,0.9
Andhra Pradesh,Kurnool,2022,199.3,16.8,164.1,6.85,0.51,1.1
Andhra Pradesh,Kurnool,2023,215.3,14.3,204.9,7.01,0.43,0.8
